-- Generated by scripts/build-supabase-seed.mjs. Do not hand-edit data rows here.
begin;

insert into public.sources (id, title, publisher, url, source_type, tier, cadence, use_text)
values ('statcan-wds', 'Statistics Canada Web Data Service', 'Statistics Canada', 'https://www.statcan.gc.ca/en/developers/wds', 'official_api', 1, 'business-day', 'Discovery and update metadata for StatCan public tables.')
on conflict (id) do update set
  title = excluded.title,
  publisher = excluded.publisher,
  url = excluded.url,
  source_type = excluded.source_type,
  tier = excluded.tier,
  cadence = excluded.cadence,
  use_text = excluded.use_text,
  updated_at = now();

insert into public.documents (source_id, title, url, publisher, document_type, summary, content_hash, status, is_public, metadata)
values ('statcan-wds', 'Statistics Canada Web Data Service', 'https://www.statcan.gc.ca/en/developers/wds', 'Statistics Canada', 'source_page', 'Discovery and update metadata for StatCan public tables.', 'statcan-wds', 'published', true, '{"seededFrom":"source_catalogue","generatedAt":"2026-06-15T12:34:40.643Z"}'::jsonb)
on conflict (url) do update set
  source_id = excluded.source_id,
  title = excluded.title,
  publisher = excluded.publisher,
  document_type = excluded.document_type,
  summary = excluded.summary,
  content_hash = excluded.content_hash,
  status = excluded.status,
  is_public = excluded.is_public,
  metadata = excluded.metadata,
  updated_at = now();

insert into public.sources (id, title, publisher, url, source_type, tier, cadence, use_text)
values ('statcan-business-counts-33101095', 'Canadian Business Counts, with employees', 'Statistics Canada', 'https://www150.statcan.gc.ca/n1/en/tbl/csv/33101095-eng.zip', 'official_csv', 1, 'semi-annual', 'Provincial firm-count signal by NAICS.')
on conflict (id) do update set
  title = excluded.title,
  publisher = excluded.publisher,
  url = excluded.url,
  source_type = excluded.source_type,
  tier = excluded.tier,
  cadence = excluded.cadence,
  use_text = excluded.use_text,
  updated_at = now();

insert into public.documents (source_id, title, url, publisher, document_type, summary, content_hash, status, is_public, metadata)
values ('statcan-business-counts-33101095', 'Canadian Business Counts, with employees', 'https://www150.statcan.gc.ca/n1/en/tbl/csv/33101095-eng.zip', 'Statistics Canada', 'dataset', 'Provincial firm-count signal by NAICS.', 'statcan-business-counts-33101095', 'published', true, '{"seededFrom":"source_catalogue","generatedAt":"2026-06-15T12:34:40.643Z"}'::jsonb)
on conflict (url) do update set
  source_id = excluded.source_id,
  title = excluded.title,
  publisher = excluded.publisher,
  document_type = excluded.document_type,
  summary = excluded.summary,
  content_hash = excluded.content_hash,
  status = excluded.status,
  is_public = excluded.is_public,
  metadata = excluded.metadata,
  updated_at = now();

insert into public.sources (id, title, publisher, url, source_type, tier, cadence, use_text)
values ('statcan-rd-performers-27100049', 'Counts of business enterprise research and development performers by industry group', 'Statistics Canada', 'https://www150.statcan.gc.ca/n1/en/tbl/csv/27100049-eng.zip', 'official_csv', 1, 'annual', 'National R&D performer signal by industry.')
on conflict (id) do update set
  title = excluded.title,
  publisher = excluded.publisher,
  url = excluded.url,
  source_type = excluded.source_type,
  tier = excluded.tier,
  cadence = excluded.cadence,
  use_text = excluded.use_text,
  updated_at = now();

insert into public.documents (source_id, title, url, publisher, document_type, summary, content_hash, status, is_public, metadata)
values ('statcan-rd-performers-27100049', 'Counts of business enterprise research and development performers by industry group', 'https://www150.statcan.gc.ca/n1/en/tbl/csv/27100049-eng.zip', 'Statistics Canada', 'dataset', 'National R&D performer signal by industry.', 'statcan-rd-performers-27100049', 'published', true, '{"seededFrom":"source_catalogue","generatedAt":"2026-06-15T12:34:40.643Z"}'::jsonb)
on conflict (url) do update set
  source_id = excluded.source_id,
  title = excluded.title,
  publisher = excluded.publisher,
  document_type = excluded.document_type,
  summary = excluded.summary,
  content_hash = excluded.content_hash,
  status = excluded.status,
  is_public = excluded.is_public,
  metadata = excluded.metadata,
  updated_at = now();

insert into public.sources (id, title, publisher, url, source_type, tier, cadence, use_text)
values ('statcan-labour-14100023', 'Labour force characteristics by industry, annual', 'Statistics Canada', 'https://www150.statcan.gc.ca/n1/en/tbl/csv/14100023-eng.zip', 'official_csv', 1, 'annual', 'Catalogued for future labour normalization; not displayed as a computed regional value in v1.')
on conflict (id) do update set
  title = excluded.title,
  publisher = excluded.publisher,
  url = excluded.url,
  source_type = excluded.source_type,
  tier = excluded.tier,
  cadence = excluded.cadence,
  use_text = excluded.use_text,
  updated_at = now();

insert into public.documents (source_id, title, url, publisher, document_type, summary, content_hash, status, is_public, metadata)
values ('statcan-labour-14100023', 'Labour force characteristics by industry, annual', 'https://www150.statcan.gc.ca/n1/en/tbl/csv/14100023-eng.zip', 'Statistics Canada', 'dataset', 'Catalogued for future labour normalization; not displayed as a computed regional value in v1.', 'statcan-labour-14100023', 'published', true, '{"seededFrom":"source_catalogue","generatedAt":"2026-06-15T12:34:40.643Z"}'::jsonb)
on conflict (url) do update set
  source_id = excluded.source_id,
  title = excluded.title,
  publisher = excluded.publisher,
  document_type = excluded.document_type,
  summary = excluded.summary,
  content_hash = excluded.content_hash,
  status = excluded.status,
  is_public = excluded.is_public,
  metadata = excluded.metadata,
  updated_at = now();

insert into public.sources (id, title, publisher, url, source_type, tier, cadence, use_text)
values ('statcan-trade-12100175', 'International merchandise trade by province, commodity, and principal trading partners', 'Statistics Canada', 'https://www150.statcan.gc.ca/n1/en/tbl/csv/12100175-eng.zip', 'official_csv', 1, 'monthly', 'Catalogued for future export normalization; not displayed as a computed regional value in v1.')
on conflict (id) do update set
  title = excluded.title,
  publisher = excluded.publisher,
  url = excluded.url,
  source_type = excluded.source_type,
  tier = excluded.tier,
  cadence = excluded.cadence,
  use_text = excluded.use_text,
  updated_at = now();

insert into public.documents (source_id, title, url, publisher, document_type, summary, content_hash, status, is_public, metadata)
values ('statcan-trade-12100175', 'International merchandise trade by province, commodity, and principal trading partners', 'https://www150.statcan.gc.ca/n1/en/tbl/csv/12100175-eng.zip', 'Statistics Canada', 'dataset', 'Catalogued for future export normalization; not displayed as a computed regional value in v1.', 'statcan-trade-12100175', 'published', true, '{"seededFrom":"source_catalogue","generatedAt":"2026-06-15T12:34:40.643Z"}'::jsonb)
on conflict (url) do update set
  source_id = excluded.source_id,
  title = excluded.title,
  publisher = excluded.publisher,
  document_type = excluded.document_type,
  summary = excluded.summary,
  content_hash = excluded.content_hash,
  status = excluded.status,
  is_public = excluded.is_public,
  metadata = excluded.metadata,
  updated_at = now();

insert into public.sources (id, title, publisher, url, source_type, tier, cadence, use_text)
values ('statcan-gdp-36100711', 'GDP at basic prices by industry, provinces and territories', 'Statistics Canada', 'https://www150.statcan.gc.ca/n1/en/tbl/csv/36100711-eng.zip', 'official_csv', 1, 'annual', 'Catalogued for future provincial industry output normalization.')
on conflict (id) do update set
  title = excluded.title,
  publisher = excluded.publisher,
  url = excluded.url,
  source_type = excluded.source_type,
  tier = excluded.tier,
  cadence = excluded.cadence,
  use_text = excluded.use_text,
  updated_at = now();

insert into public.documents (source_id, title, url, publisher, document_type, summary, content_hash, status, is_public, metadata)
values ('statcan-gdp-36100711', 'GDP at basic prices by industry, provinces and territories', 'https://www150.statcan.gc.ca/n1/en/tbl/csv/36100711-eng.zip', 'Statistics Canada', 'dataset', 'Catalogued for future provincial industry output normalization.', 'statcan-gdp-36100711', 'published', true, '{"seededFrom":"source_catalogue","generatedAt":"2026-06-15T12:34:40.643Z"}'::jsonb)
on conflict (url) do update set
  source_id = excluded.source_id,
  title = excluded.title,
  publisher = excluded.publisher,
  document_type = excluded.document_type,
  summary = excluded.summary,
  content_hash = excluded.content_hash,
  status = excluded.status,
  is_public = excluded.is_public,
  metadata = excluded.metadata,
  updated_at = now();

insert into public.sources (id, title, publisher, url, source_type, tier, cadence, use_text)
values ('dnd-dcb-2025', 'Defence Capabilities Blueprint', 'Department of National Defence', 'https://apps.forces.gc.ca/en/defence-capabilities-blueprint/index.asp', 'official_html', 1, 'annual', 'Public capability taxonomy and demand-signal context.')
on conflict (id) do update set
  title = excluded.title,
  publisher = excluded.publisher,
  url = excluded.url,
  source_type = excluded.source_type,
  tier = excluded.tier,
  cadence = excluded.cadence,
  use_text = excluded.use_text,
  updated_at = now();

insert into public.documents (source_id, title, url, publisher, document_type, summary, content_hash, status, is_public, metadata)
values ('dnd-dcb-2025', 'Defence Capabilities Blueprint', 'https://apps.forces.gc.ca/en/defence-capabilities-blueprint/index.asp', 'Department of National Defence', 'source_page', 'Public capability taxonomy and demand-signal context.', 'dnd-dcb-2025', 'published', true, '{"seededFrom":"source_catalogue","generatedAt":"2026-06-15T12:34:40.643Z"}'::jsonb)
on conflict (url) do update set
  source_id = excluded.source_id,
  title = excluded.title,
  publisher = excluded.publisher,
  document_type = excluded.document_type,
  summary = excluded.summary,
  content_hash = excluded.content_hash,
  status = excluded.status,
  is_public = excluded.is_public,
  metadata = excluded.metadata,
  updated_at = now();

insert into public.sources (id, title, publisher, url, source_type, tier, cadence, use_text)
values ('dnd-defence-industrial-strategy', 'Canada''s Defence Industrial Strategy', 'Department of National Defence', 'https://www.canada.ca/en/department-national-defence/corporate/reports-publications/industrial-strategy/security-sovereignty-prosperity.html', 'official_html', 1, 'policy-update', 'Public sovereign capability categories and strategic rationale.')
on conflict (id) do update set
  title = excluded.title,
  publisher = excluded.publisher,
  url = excluded.url,
  source_type = excluded.source_type,
  tier = excluded.tier,
  cadence = excluded.cadence,
  use_text = excluded.use_text,
  updated_at = now();

insert into public.documents (source_id, title, url, publisher, document_type, summary, content_hash, status, is_public, metadata)
values ('dnd-defence-industrial-strategy', 'Canada''s Defence Industrial Strategy', 'https://www.canada.ca/en/department-national-defence/corporate/reports-publications/industrial-strategy/security-sovereignty-prosperity.html', 'Department of National Defence', 'source_page', 'Public sovereign capability categories and strategic rationale.', 'dnd-defence-industrial-strategy', 'published', true, '{"seededFrom":"source_catalogue","generatedAt":"2026-06-15T12:34:40.643Z"}'::jsonb)
on conflict (url) do update set
  source_id = excluded.source_id,
  title = excluded.title,
  publisher = excluded.publisher,
  document_type = excluded.document_type,
  summary = excluded.summary,
  content_hash = excluded.content_hash,
  status = excluded.status,
  is_public = excluded.is_public,
  metadata = excluded.metadata,
  updated_at = now();

insert into public.sources (id, title, publisher, url, source_type, tier, cadence, use_text)
values ('canadabuys-tenders', 'CanadaBuys tender notices', 'Public Services and Procurement Canada', 'https://canadabuys.canada.ca/opendata/pub/tenderNoticeComplete-avisAppelOffresComplet.csv', 'official_csv', 1, 'daily', 'Procurement demand signal; catalogued before keyword normalization.')
on conflict (id) do update set
  title = excluded.title,
  publisher = excluded.publisher,
  url = excluded.url,
  source_type = excluded.source_type,
  tier = excluded.tier,
  cadence = excluded.cadence,
  use_text = excluded.use_text,
  updated_at = now();

insert into public.documents (source_id, title, url, publisher, document_type, summary, content_hash, status, is_public, metadata)
values ('canadabuys-tenders', 'CanadaBuys tender notices', 'https://canadabuys.canada.ca/opendata/pub/tenderNoticeComplete-avisAppelOffresComplet.csv', 'Public Services and Procurement Canada', 'dataset', 'Procurement demand signal; catalogued before keyword normalization.', 'canadabuys-tenders', 'published', true, '{"seededFrom":"source_catalogue","generatedAt":"2026-06-15T12:34:40.643Z"}'::jsonb)
on conflict (url) do update set
  source_id = excluded.source_id,
  title = excluded.title,
  publisher = excluded.publisher,
  document_type = excluded.document_type,
  summary = excluded.summary,
  content_hash = excluded.content_hash,
  status = excluded.status,
  is_public = excluded.is_public,
  metadata = excluded.metadata,
  updated_at = now();

insert into public.sources (id, title, publisher, url, source_type, tier, cadence, use_text)
values ('canadabuys-awards', 'CanadaBuys award notices', 'Public Services and Procurement Canada', 'https://canadabuys.canada.ca/opendata/pub/awardNoticeComplete-avisAttributionComplet.csv', 'official_csv', 1, 'daily', 'Award history signal; catalogued before buyer/vendor normalization.')
on conflict (id) do update set
  title = excluded.title,
  publisher = excluded.publisher,
  url = excluded.url,
  source_type = excluded.source_type,
  tier = excluded.tier,
  cadence = excluded.cadence,
  use_text = excluded.use_text,
  updated_at = now();

insert into public.documents (source_id, title, url, publisher, document_type, summary, content_hash, status, is_public, metadata)
values ('canadabuys-awards', 'CanadaBuys award notices', 'https://canadabuys.canada.ca/opendata/pub/awardNoticeComplete-avisAttributionComplet.csv', 'Public Services and Procurement Canada', 'dataset', 'Award history signal; catalogued before buyer/vendor normalization.', 'canadabuys-awards', 'published', true, '{"seededFrom":"source_catalogue","generatedAt":"2026-06-15T12:34:40.643Z"}'::jsonb)
on conflict (url) do update set
  source_id = excluded.source_id,
  title = excluded.title,
  publisher = excluded.publisher,
  document_type = excluded.document_type,
  summary = excluded.summary,
  content_hash = excluded.content_hash,
  status = excluded.status,
  is_public = excluded.is_public,
  metadata = excluded.metadata,
  updated_at = now();

insert into public.sources (id, title, publisher, url, source_type, tier, cadence, use_text)
values ('open-contracts', 'Proactive Publication - Contracts', 'Government of Canada', 'https://open.canada.ca/data/en/dataset/d8f85d91-7dec-4fd1-8055-483b77225d8b', 'official_dataset', 1, 'quarterly', 'Broader federal contract history.')
on conflict (id) do update set
  title = excluded.title,
  publisher = excluded.publisher,
  url = excluded.url,
  source_type = excluded.source_type,
  tier = excluded.tier,
  cadence = excluded.cadence,
  use_text = excluded.use_text,
  updated_at = now();

insert into public.documents (source_id, title, url, publisher, document_type, summary, content_hash, status, is_public, metadata)
values ('open-contracts', 'Proactive Publication - Contracts', 'https://open.canada.ca/data/en/dataset/d8f85d91-7dec-4fd1-8055-483b77225d8b', 'Government of Canada', 'dataset', 'Broader federal contract history.', 'open-contracts', 'published', true, '{"seededFrom":"source_catalogue","generatedAt":"2026-06-15T12:34:40.643Z"}'::jsonb)
on conflict (url) do update set
  source_id = excluded.source_id,
  title = excluded.title,
  publisher = excluded.publisher,
  document_type = excluded.document_type,
  summary = excluded.summary,
  content_hash = excluded.content_hash,
  status = excluded.status,
  is_public = excluded.is_public,
  metadata = excluded.metadata,
  updated_at = now();

insert into public.sources (id, title, publisher, url, source_type, tier, cadence, use_text)
values ('itb-policy', 'Industrial and Technological Benefits Policy', 'Innovation, Science and Economic Development Canada', 'https://ised-isde.canada.ca/site/industrial-technological-benefits/en/industrial-and-technological-benefits', 'official_html', 1, 'policy-update', 'ITB policy context and Key Industrial Capabilities.')
on conflict (id) do update set
  title = excluded.title,
  publisher = excluded.publisher,
  url = excluded.url,
  source_type = excluded.source_type,
  tier = excluded.tier,
  cadence = excluded.cadence,
  use_text = excluded.use_text,
  updated_at = now();

insert into public.documents (source_id, title, url, publisher, document_type, summary, content_hash, status, is_public, metadata)
values ('itb-policy', 'Industrial and Technological Benefits Policy', 'https://ised-isde.canada.ca/site/industrial-technological-benefits/en/industrial-and-technological-benefits', 'Innovation, Science and Economic Development Canada', 'source_page', 'ITB policy context and Key Industrial Capabilities.', 'itb-policy', 'published', true, '{"seededFrom":"source_catalogue","generatedAt":"2026-06-15T12:34:40.643Z"}'::jsonb)
on conflict (url) do update set
  source_id = excluded.source_id,
  title = excluded.title,
  publisher = excluded.publisher,
  document_type = excluded.document_type,
  summary = excluded.summary,
  content_hash = excluded.content_hash,
  status = excluded.status,
  is_public = excluded.is_public,
  metadata = excluded.metadata,
  updated_at = now();

insert into public.sources (id, title, publisher, url, source_type, tier, cadence, use_text)
values ('itb-obligations', 'Breakdown of current obligations by contractor', 'Innovation, Science and Economic Development Canada', 'https://ised-isde.canada.ca/site/industrial-technological-benefits/en/projects-and-obligations/report-contractor-progress/breakdown-current-obligations-contractor', 'official_html_table', 1, 'annual', 'Public ITB project/obligation context; personal contact fields are intentionally excluded from this app.')
on conflict (id) do update set
  title = excluded.title,
  publisher = excluded.publisher,
  url = excluded.url,
  source_type = excluded.source_type,
  tier = excluded.tier,
  cadence = excluded.cadence,
  use_text = excluded.use_text,
  updated_at = now();

insert into public.documents (source_id, title, url, publisher, document_type, summary, content_hash, status, is_public, metadata)
values ('itb-obligations', 'Breakdown of current obligations by contractor', 'https://ised-isde.canada.ca/site/industrial-technological-benefits/en/projects-and-obligations/report-contractor-progress/breakdown-current-obligations-contractor', 'Innovation, Science and Economic Development Canada', 'source_page', 'Public ITB project/obligation context; personal contact fields are intentionally excluded from this app.', 'itb-obligations', 'published', true, '{"seededFrom":"source_catalogue","generatedAt":"2026-06-15T12:34:40.643Z"}'::jsonb)
on conflict (url) do update set
  source_id = excluded.source_id,
  title = excluded.title,
  publisher = excluded.publisher,
  document_type = excluded.document_type,
  summary = excluded.summary,
  content_hash = excluded.content_hash,
  status = excluded.status,
  is_public = excluded.is_public,
  metadata = excluded.metadata,
  updated_at = now();

insert into public.sources (id, title, publisher, url, source_type, tier, cadence, use_text)
values ('nbd-broadband', 'National Broadband Data', 'Innovation, Science and Economic Development Canada', 'https://open.canada.ca/data/en/dataset/00a331db-121b-445d-b119-35dbbe3eedd9', 'official_geodata', 1, 'dataset-update', 'Catalogued for northern readiness overlays.')
on conflict (id) do update set
  title = excluded.title,
  publisher = excluded.publisher,
  url = excluded.url,
  source_type = excluded.source_type,
  tier = excluded.tier,
  cadence = excluded.cadence,
  use_text = excluded.use_text,
  updated_at = now();

insert into public.documents (source_id, title, url, publisher, document_type, summary, content_hash, status, is_public, metadata)
values ('nbd-broadband', 'National Broadband Data', 'https://open.canada.ca/data/en/dataset/00a331db-121b-445d-b119-35dbbe3eedd9', 'Innovation, Science and Economic Development Canada', 'dataset', 'Catalogued for northern readiness overlays.', 'nbd-broadband', 'published', true, '{"seededFrom":"source_catalogue","generatedAt":"2026-06-15T12:34:40.643Z"}'::jsonb)
on conflict (url) do update set
  source_id = excluded.source_id,
  title = excluded.title,
  publisher = excluded.publisher,
  document_type = excluded.document_type,
  summary = excluded.summary,
  content_hash = excluded.content_hash,
  status = excluded.status,
  is_public = excluded.is_public,
  metadata = excluded.metadata,
  updated_at = now();

insert into public.sources (id, title, publisher, url, source_type, tier, cadence, use_text)
values ('remote-energy', 'Remote Communities Energy Database', 'Natural Resources Canada', 'https://open.canada.ca/data/en/dataset/0e76433c-7aeb-46dc-a019-11db10ee28dd', 'official_geodata', 1, 'dataset-update', 'Catalogued for northern energy readiness overlays.')
on conflict (id) do update set
  title = excluded.title,
  publisher = excluded.publisher,
  url = excluded.url,
  source_type = excluded.source_type,
  tier = excluded.tier,
  cadence = excluded.cadence,
  use_text = excluded.use_text,
  updated_at = now();

insert into public.documents (source_id, title, url, publisher, document_type, summary, content_hash, status, is_public, metadata)
values ('remote-energy', 'Remote Communities Energy Database', 'https://open.canada.ca/data/en/dataset/0e76433c-7aeb-46dc-a019-11db10ee28dd', 'Natural Resources Canada', 'dataset', 'Catalogued for northern energy readiness overlays.', 'remote-energy', 'published', true, '{"seededFrom":"source_catalogue","generatedAt":"2026-06-15T12:34:40.643Z"}'::jsonb)
on conflict (url) do update set
  source_id = excluded.source_id,
  title = excluded.title,
  publisher = excluded.publisher,
  document_type = excluded.document_type,
  summary = excluded.summary,
  content_hash = excluded.content_hash,
  status = excluded.status,
  is_public = excluded.is_public,
  metadata = excluded.metadata,
  updated_at = now();

insert into public.regions (id, name, short_name, dguid)
values ('CA-BC', 'British Columbia', 'BC', '2021A000259')
on conflict (id) do update set
  name = excluded.name,
  short_name = excluded.short_name,
  dguid = excluded.dguid,
  updated_at = now();

insert into public.regions (id, name, short_name, dguid)
values ('CA-AB', 'Alberta', 'AB', '2021A000248')
on conflict (id) do update set
  name = excluded.name,
  short_name = excluded.short_name,
  dguid = excluded.dguid,
  updated_at = now();

insert into public.regions (id, name, short_name, dguid)
values ('CA-SK', 'Saskatchewan', 'SK', '2021A000247')
on conflict (id) do update set
  name = excluded.name,
  short_name = excluded.short_name,
  dguid = excluded.dguid,
  updated_at = now();

insert into public.regions (id, name, short_name, dguid)
values ('CA-MB', 'Manitoba', 'MB', '2021A000246')
on conflict (id) do update set
  name = excluded.name,
  short_name = excluded.short_name,
  dguid = excluded.dguid,
  updated_at = now();

insert into public.regions (id, name, short_name, dguid)
values ('CA-ON', 'Ontario', 'ON', '2021A000235')
on conflict (id) do update set
  name = excluded.name,
  short_name = excluded.short_name,
  dguid = excluded.dguid,
  updated_at = now();

insert into public.regions (id, name, short_name, dguid)
values ('CA-QC', 'Quebec', 'QC', '2021A000224')
on conflict (id) do update set
  name = excluded.name,
  short_name = excluded.short_name,
  dguid = excluded.dguid,
  updated_at = now();

insert into public.regions (id, name, short_name, dguid)
values ('CA-NB', 'New Brunswick', 'NB', '2021A000213')
on conflict (id) do update set
  name = excluded.name,
  short_name = excluded.short_name,
  dguid = excluded.dguid,
  updated_at = now();

insert into public.regions (id, name, short_name, dguid)
values ('CA-NS', 'Nova Scotia', 'NS', '2021A000212')
on conflict (id) do update set
  name = excluded.name,
  short_name = excluded.short_name,
  dguid = excluded.dguid,
  updated_at = now();

insert into public.regions (id, name, short_name, dguid)
values ('CA-PE', 'Prince Edward Island', 'PE', '2021A000211')
on conflict (id) do update set
  name = excluded.name,
  short_name = excluded.short_name,
  dguid = excluded.dguid,
  updated_at = now();

insert into public.regions (id, name, short_name, dguid)
values ('CA-NL', 'Newfoundland and Labrador', 'NL', '2021A000210')
on conflict (id) do update set
  name = excluded.name,
  short_name = excluded.short_name,
  dguid = excluded.dguid,
  updated_at = now();

insert into public.regions (id, name, short_name, dguid)
values ('CA-YT', 'Yukon', 'YT', '2021A000260')
on conflict (id) do update set
  name = excluded.name,
  short_name = excluded.short_name,
  dguid = excluded.dguid,
  updated_at = now();

insert into public.regions (id, name, short_name, dguid)
values ('CA-NT', 'Northwest Territories', 'NT', '2021A000261')
on conflict (id) do update set
  name = excluded.name,
  short_name = excluded.short_name,
  dguid = excluded.dguid,
  updated_at = now();

insert into public.regions (id, name, short_name, dguid)
values ('CA-NU', 'Nunavut', 'NU', '2021A000262')
on conflict (id) do update set
  name = excluded.name,
  short_name = excluded.short_name,
  dguid = excluded.dguid,
  updated_at = now();

insert into public.capability_areas (
  id, name, short_name, description, plain_language_summary, source_ids, taxonomy, weights, national_signals, national_metrics, is_public
)
values (
  'arctic-isr-drones',
  'Arctic ISR Drones',
  'Arctic ISR',
  'Uncrewed aerial, space, sensor, communications, and autonomy capacity relevant to Arctic intelligence, surveillance, and reconnaissance.',
  'Find public evidence of Canadian drone, sensor, satellite, and Arctic monitoring capacity.',
  array['statcan-business-counts-33101095', 'statcan-rd-performers-27100049', 'dnd-dcb-2025', 'dnd-defence-industrial-strategy', 'nbd-broadband', 'remote-energy']::text[],
  '{"naics":["3342","3345","3364","5413","5415","5417"],"educationFields":["Computer and information sciences","Engineering","Physical sciences"],"tradeCommodities":["Aircraft and parts","Navigation instruments","Telecommunications equipment"],"procurementKeywords":["uncrewed","drone","ISR","surveillance","Arctic","remote sensing"],"dcbLabels":["Surveillance & Reconnaissance","Uncrewed and Autonomous Systems","Artificial Intelligence"]}'::jsonb,
  '{"firms":0.62,"sourceCoverage":0.2,"rd":0.18}'::jsonb,
  '[{"label":"Sovereign capability category","value":"Uncrewed and Autonomous Systems","sourceIds":["dnd-defence-industrial-strategy"]},{"label":"Northern overlay","value":"Broadband and remote energy datasets catalogued, not normalized","sourceIds":["nbd-broadband","remote-energy"]}]'::jsonb,
  '{"rdPerformers":6624,"rdReferencePeriod":"2023","businessReferencePeriod":"2025-07"}'::jsonb,
  true
)
on conflict (id) do update set
  name = excluded.name,
  short_name = excluded.short_name,
  description = excluded.description,
  plain_language_summary = excluded.plain_language_summary,
  source_ids = excluded.source_ids,
  taxonomy = excluded.taxonomy,
  weights = excluded.weights,
  national_signals = excluded.national_signals,
  national_metrics = excluded.national_metrics,
  is_public = excluded.is_public,
  updated_at = now();

insert into public.capability_areas (
  id, name, short_name, description, plain_language_summary, source_ids, taxonomy, weights, national_signals, national_metrics, is_public
)
values (
  'secure-communications',
  'Secure Communications',
  'Secure Comms',
  'Secure cloud, high-assurance communications, command-and-control, cybersecurity, and communications equipment capacity.',
  'Find companies, contracts, and research signals connected to secure networks, cyber tools, cloud, chips, and command systems.',
  array['statcan-business-counts-33101095', 'statcan-rd-performers-27100049', 'dnd-dcb-2025', 'dnd-defence-industrial-strategy', 'canadabuys-tenders', 'canadabuys-awards']::text[],
  '{"naics":["3341","3342","3344","517","518","5415","5417"],"educationFields":["Computer and information sciences","Mathematics and statistics","Engineering"],"tradeCommodities":["Telecommunications equipment","Computer equipment","Semiconductors"],"procurementKeywords":["secure cloud","communications","C4I","cyber","network","command and control"],"dcbLabels":["C4I","Cyber, Electronic & Irregular Warfare","Artificial Intelligence"]}'::jsonb,
  '{"firms":0.64,"sourceCoverage":0.18,"rd":0.18}'::jsonb,
  '[{"label":"DCB public project signal","value":"11 projects listed under Artificial Intelligence","sourceIds":["dnd-dcb-2025"]},{"label":"Sovereign capability category","value":"Digital Systems: Secure Cloud, AI, Quantum, C4I, high-assurance communications equipment","sourceIds":["dnd-defence-industrial-strategy"]}]'::jsonb,
  '{"rdPerformers":5862,"rdReferencePeriod":"2023","businessReferencePeriod":"2025-07"}'::jsonb,
  true
)
on conflict (id) do update set
  name = excluded.name,
  short_name = excluded.short_name,
  description = excluded.description,
  plain_language_summary = excluded.plain_language_summary,
  source_ids = excluded.source_ids,
  taxonomy = excluded.taxonomy,
  weights = excluded.weights,
  national_signals = excluded.national_signals,
  national_metrics = excluded.national_metrics,
  is_public = excluded.is_public,
  updated_at = now();

insert into public.capability_areas (
  id, name, short_name, description, plain_language_summary, source_ids, taxonomy, weights, national_signals, national_metrics, is_public
)
values (
  'naval-autonomy',
  'Naval Autonomy',
  'Naval Autonomy',
  'Autonomous surface and underwater systems, naval sensors, ship systems, engineering, and simulation capacity.',
  'Find public evidence for autonomous ships, underwater systems, naval sensors, and marine engineering.',
  array['statcan-business-counts-33101095', 'statcan-rd-performers-27100049', 'dnd-dcb-2025', 'dnd-defence-industrial-strategy', 'itb-policy', 'itb-obligations']::text[],
  '{"naics":["3345","3366","5413","5415","5417"],"educationFields":["Engineering","Computer and information sciences","Transportation technologies"],"tradeCommodities":["Ships and boats","Marine sensors","Navigation instruments"],"procurementKeywords":["naval","marine","autonomous","underwater","surface systems","sensors"],"dcbLabels":["Sea","Sensors","Uncrewed and Autonomous Systems","Training and Simulation"]}'::jsonb,
  '{"firms":0.66,"sourceCoverage":0.18,"rd":0.16}'::jsonb,
  '[{"label":"Sovereign capability category","value":"Specialized Manufacturing: Land Vehicles / Surface Ships, including Icebreakers and Marine Systems","sourceIds":["dnd-defence-industrial-strategy"]},{"label":"ITB relevance","value":"Public ITB policy motivates defence-sector investments and Canadian supplier development","sourceIds":["itb-policy","itb-obligations"]}]'::jsonb,
  '{"rdPerformers":6445,"rdReferencePeriod":"2023","businessReferencePeriod":"2025-07"}'::jsonb,
  true
)
on conflict (id) do update set
  name = excluded.name,
  short_name = excluded.short_name,
  description = excluded.description,
  plain_language_summary = excluded.plain_language_summary,
  source_ids = excluded.source_ids,
  taxonomy = excluded.taxonomy,
  weights = excluded.weights,
  national_signals = excluded.national_signals,
  national_metrics = excluded.national_metrics,
  is_public = excluded.is_public,
  updated_at = now();

insert into public.region_scores (
  capability_area_id, region_id, strength_score, confidence, source_ids, indicators, generated_at
)
values (
  'arctic-isr-drones',
  'CA-BC',
  53,
  'Medium',
  array['statcan-business-counts-33101095', 'statcan-rd-performers-27100049', 'dnd-dcb-2025', 'dnd-defence-industrial-strategy', 'nbd-broadband', 'remote-energy']::text[],
  '{"firms":{"status":"measured","value":13217,"unit":"business locations with employees","sourceIds":["statcan-business-counts-33101095"],"note":"Sum of selected NAICS categories for 2025-07."},"labour":{"status":"catalogued_not_normalized","value":null,"unit":"persons","sourceIds":["statcan-labour-14100023"],"note":"Source is catalogued; mission-to-labour mapping has not been normalized in v1."},"rd":{"status":"national_context_only","value":null,"nationalValue":6624,"unit":"R&D performers","sourceIds":["statcan-rd-performers-27100049"],"note":"National R&D performer signal for selected industries, 2023."},"exports":{"status":"catalogued_not_normalized","value":null,"unit":"CAD","sourceIds":["statcan-trade-12100175"],"note":"Trade source is catalogued; commodity concordance is not normalized in v1."},"procurementSignals":{"status":"national_context_only","value":null,"unit":"public demand signals","sourceIds":["dnd-dcb-2025","canadabuys-tenders","canadabuys-awards","open-contracts"],"note":"Public procurement sources are catalogued; keyword counts are not regionalized in v1."},"infrastructure":{"status":"catalogued_not_normalized","value":null,"unit":"readiness overlays","sourceIds":["nbd-broadband","remote-energy"],"note":"Northern broadband and remote energy datasets are catalogued for later overlays."}}'::jsonb,
  '2026-06-15T12:34:40.643Z'::timestamptz
)
on conflict (capability_area_id, region_id) do update set
  strength_score = excluded.strength_score,
  confidence = excluded.confidence,
  source_ids = excluded.source_ids,
  indicators = excluded.indicators,
  generated_at = excluded.generated_at,
  updated_at = now();

insert into public.region_scores (
  capability_area_id, region_id, strength_score, confidence, source_ids, indicators, generated_at
)
values (
  'arctic-isr-drones',
  'CA-AB',
  52,
  'Medium',
  array['statcan-business-counts-33101095', 'statcan-rd-performers-27100049', 'dnd-dcb-2025', 'dnd-defence-industrial-strategy', 'nbd-broadband', 'remote-energy']::text[],
  '{"firms":{"status":"measured","value":12475,"unit":"business locations with employees","sourceIds":["statcan-business-counts-33101095"],"note":"Sum of selected NAICS categories for 2025-07."},"labour":{"status":"catalogued_not_normalized","value":null,"unit":"persons","sourceIds":["statcan-labour-14100023"],"note":"Source is catalogued; mission-to-labour mapping has not been normalized in v1."},"rd":{"status":"national_context_only","value":null,"nationalValue":6624,"unit":"R&D performers","sourceIds":["statcan-rd-performers-27100049"],"note":"National R&D performer signal for selected industries, 2023."},"exports":{"status":"catalogued_not_normalized","value":null,"unit":"CAD","sourceIds":["statcan-trade-12100175"],"note":"Trade source is catalogued; commodity concordance is not normalized in v1."},"procurementSignals":{"status":"national_context_only","value":null,"unit":"public demand signals","sourceIds":["dnd-dcb-2025","canadabuys-tenders","canadabuys-awards","open-contracts"],"note":"Public procurement sources are catalogued; keyword counts are not regionalized in v1."},"infrastructure":{"status":"catalogued_not_normalized","value":null,"unit":"readiness overlays","sourceIds":["nbd-broadband","remote-energy"],"note":"Northern broadband and remote energy datasets are catalogued for later overlays."}}'::jsonb,
  '2026-06-15T12:34:40.643Z'::timestamptz
)
on conflict (capability_area_id, region_id) do update set
  strength_score = excluded.strength_score,
  confidence = excluded.confidence,
  source_ids = excluded.source_ids,
  indicators = excluded.indicators,
  generated_at = excluded.generated_at,
  updated_at = now();

insert into public.region_scores (
  capability_area_id, region_id, strength_score, confidence, source_ids, indicators, generated_at
)
values (
  'arctic-isr-drones',
  'CA-SK',
  39,
  'Medium',
  array['statcan-business-counts-33101095', 'statcan-rd-performers-27100049', 'dnd-dcb-2025', 'dnd-defence-industrial-strategy', 'nbd-broadband', 'remote-energy']::text[],
  '{"firms":{"status":"measured","value":1161,"unit":"business locations with employees","sourceIds":["statcan-business-counts-33101095"],"note":"Sum of selected NAICS categories for 2025-07."},"labour":{"status":"catalogued_not_normalized","value":null,"unit":"persons","sourceIds":["statcan-labour-14100023"],"note":"Source is catalogued; mission-to-labour mapping has not been normalized in v1."},"rd":{"status":"national_context_only","value":null,"nationalValue":6624,"unit":"R&D performers","sourceIds":["statcan-rd-performers-27100049"],"note":"National R&D performer signal for selected industries, 2023."},"exports":{"status":"catalogued_not_normalized","value":null,"unit":"CAD","sourceIds":["statcan-trade-12100175"],"note":"Trade source is catalogued; commodity concordance is not normalized in v1."},"procurementSignals":{"status":"national_context_only","value":null,"unit":"public demand signals","sourceIds":["dnd-dcb-2025","canadabuys-tenders","canadabuys-awards","open-contracts"],"note":"Public procurement sources are catalogued; keyword counts are not regionalized in v1."},"infrastructure":{"status":"catalogued_not_normalized","value":null,"unit":"readiness overlays","sourceIds":["nbd-broadband","remote-energy"],"note":"Northern broadband and remote energy datasets are catalogued for later overlays."}}'::jsonb,
  '2026-06-15T12:34:40.643Z'::timestamptz
)
on conflict (capability_area_id, region_id) do update set
  strength_score = excluded.strength_score,
  confidence = excluded.confidence,
  source_ids = excluded.source_ids,
  indicators = excluded.indicators,
  generated_at = excluded.generated_at,
  updated_at = now();

insert into public.region_scores (
  capability_area_id, region_id, strength_score, confidence, source_ids, indicators, generated_at
)
values (
  'arctic-isr-drones',
  'CA-MB',
  40,
  'Medium',
  array['statcan-business-counts-33101095', 'statcan-rd-performers-27100049', 'dnd-dcb-2025', 'dnd-defence-industrial-strategy', 'nbd-broadband', 'remote-energy']::text[],
  '{"firms":{"status":"measured","value":1366,"unit":"business locations with employees","sourceIds":["statcan-business-counts-33101095"],"note":"Sum of selected NAICS categories for 2025-07."},"labour":{"status":"catalogued_not_normalized","value":null,"unit":"persons","sourceIds":["statcan-labour-14100023"],"note":"Source is catalogued; mission-to-labour mapping has not been normalized in v1."},"rd":{"status":"national_context_only","value":null,"nationalValue":6624,"unit":"R&D performers","sourceIds":["statcan-rd-performers-27100049"],"note":"National R&D performer signal for selected industries, 2023."},"exports":{"status":"catalogued_not_normalized","value":null,"unit":"CAD","sourceIds":["statcan-trade-12100175"],"note":"Trade source is catalogued; commodity concordance is not normalized in v1."},"procurementSignals":{"status":"national_context_only","value":null,"unit":"public demand signals","sourceIds":["dnd-dcb-2025","canadabuys-tenders","canadabuys-awards","open-contracts"],"note":"Public procurement sources are catalogued; keyword counts are not regionalized in v1."},"infrastructure":{"status":"catalogued_not_normalized","value":null,"unit":"readiness overlays","sourceIds":["nbd-broadband","remote-energy"],"note":"Northern broadband and remote energy datasets are catalogued for later overlays."}}'::jsonb,
  '2026-06-15T12:34:40.643Z'::timestamptz
)
on conflict (capability_area_id, region_id) do update set
  strength_score = excluded.strength_score,
  confidence = excluded.confidence,
  source_ids = excluded.source_ids,
  indicators = excluded.indicators,
  generated_at = excluded.generated_at,
  updated_at = now();

insert into public.region_scores (
  capability_area_id, region_id, strength_score, confidence, source_ids, indicators, generated_at
)
values (
  'arctic-isr-drones',
  'CA-ON',
  100,
  'Medium',
  array['statcan-business-counts-33101095', 'statcan-rd-performers-27100049', 'dnd-dcb-2025', 'dnd-defence-industrial-strategy', 'nbd-broadband', 'remote-energy']::text[],
  '{"firms":{"status":"measured","value":54229,"unit":"business locations with employees","sourceIds":["statcan-business-counts-33101095"],"note":"Sum of selected NAICS categories for 2025-07."},"labour":{"status":"catalogued_not_normalized","value":null,"unit":"persons","sourceIds":["statcan-labour-14100023"],"note":"Source is catalogued; mission-to-labour mapping has not been normalized in v1."},"rd":{"status":"national_context_only","value":null,"nationalValue":6624,"unit":"R&D performers","sourceIds":["statcan-rd-performers-27100049"],"note":"National R&D performer signal for selected industries, 2023."},"exports":{"status":"catalogued_not_normalized","value":null,"unit":"CAD","sourceIds":["statcan-trade-12100175"],"note":"Trade source is catalogued; commodity concordance is not normalized in v1."},"procurementSignals":{"status":"national_context_only","value":null,"unit":"public demand signals","sourceIds":["dnd-dcb-2025","canadabuys-tenders","canadabuys-awards","open-contracts"],"note":"Public procurement sources are catalogued; keyword counts are not regionalized in v1."},"infrastructure":{"status":"catalogued_not_normalized","value":null,"unit":"readiness overlays","sourceIds":["nbd-broadband","remote-energy"],"note":"Northern broadband and remote energy datasets are catalogued for later overlays."}}'::jsonb,
  '2026-06-15T12:34:40.643Z'::timestamptz
)
on conflict (capability_area_id, region_id) do update set
  strength_score = excluded.strength_score,
  confidence = excluded.confidence,
  source_ids = excluded.source_ids,
  indicators = excluded.indicators,
  generated_at = excluded.generated_at,
  updated_at = now();

insert into public.region_scores (
  capability_area_id, region_id, strength_score, confidence, source_ids, indicators, generated_at
)
values (
  'arctic-isr-drones',
  'CA-QC',
  63,
  'Medium',
  array['statcan-business-counts-33101095', 'statcan-rd-performers-27100049', 'dnd-dcb-2025', 'dnd-defence-industrial-strategy', 'nbd-broadband', 'remote-energy']::text[],
  '{"firms":{"status":"measured","value":21516,"unit":"business locations with employees","sourceIds":["statcan-business-counts-33101095"],"note":"Sum of selected NAICS categories for 2025-07."},"labour":{"status":"catalogued_not_normalized","value":null,"unit":"persons","sourceIds":["statcan-labour-14100023"],"note":"Source is catalogued; mission-to-labour mapping has not been normalized in v1."},"rd":{"status":"national_context_only","value":null,"nationalValue":6624,"unit":"R&D performers","sourceIds":["statcan-rd-performers-27100049"],"note":"National R&D performer signal for selected industries, 2023."},"exports":{"status":"catalogued_not_normalized","value":null,"unit":"CAD","sourceIds":["statcan-trade-12100175"],"note":"Trade source is catalogued; commodity concordance is not normalized in v1."},"procurementSignals":{"status":"national_context_only","value":null,"unit":"public demand signals","sourceIds":["dnd-dcb-2025","canadabuys-tenders","canadabuys-awards","open-contracts"],"note":"Public procurement sources are catalogued; keyword counts are not regionalized in v1."},"infrastructure":{"status":"catalogued_not_normalized","value":null,"unit":"readiness overlays","sourceIds":["nbd-broadband","remote-energy"],"note":"Northern broadband and remote energy datasets are catalogued for later overlays."}}'::jsonb,
  '2026-06-15T12:34:40.643Z'::timestamptz
)
on conflict (capability_area_id, region_id) do update set
  strength_score = excluded.strength_score,
  confidence = excluded.confidence,
  source_ids = excluded.source_ids,
  indicators = excluded.indicators,
  generated_at = excluded.generated_at,
  updated_at = now();

insert into public.region_scores (
  capability_area_id, region_id, strength_score, confidence, source_ids, indicators, generated_at
)
values (
  'arctic-isr-drones',
  'CA-NB',
  39,
  'Medium',
  array['statcan-business-counts-33101095', 'statcan-rd-performers-27100049', 'dnd-dcb-2025', 'dnd-defence-industrial-strategy', 'nbd-broadband', 'remote-energy']::text[],
  '{"firms":{"status":"measured","value":827,"unit":"business locations with employees","sourceIds":["statcan-business-counts-33101095"],"note":"Sum of selected NAICS categories for 2025-07."},"labour":{"status":"catalogued_not_normalized","value":null,"unit":"persons","sourceIds":["statcan-labour-14100023"],"note":"Source is catalogued; mission-to-labour mapping has not been normalized in v1."},"rd":{"status":"national_context_only","value":null,"nationalValue":6624,"unit":"R&D performers","sourceIds":["statcan-rd-performers-27100049"],"note":"National R&D performer signal for selected industries, 2023."},"exports":{"status":"catalogued_not_normalized","value":null,"unit":"CAD","sourceIds":["statcan-trade-12100175"],"note":"Trade source is catalogued; commodity concordance is not normalized in v1."},"procurementSignals":{"status":"national_context_only","value":null,"unit":"public demand signals","sourceIds":["dnd-dcb-2025","canadabuys-tenders","canadabuys-awards","open-contracts"],"note":"Public procurement sources are catalogued; keyword counts are not regionalized in v1."},"infrastructure":{"status":"catalogued_not_normalized","value":null,"unit":"readiness overlays","sourceIds":["nbd-broadband","remote-energy"],"note":"Northern broadband and remote energy datasets are catalogued for later overlays."}}'::jsonb,
  '2026-06-15T12:34:40.643Z'::timestamptz
)
on conflict (capability_area_id, region_id) do update set
  strength_score = excluded.strength_score,
  confidence = excluded.confidence,
  source_ids = excluded.source_ids,
  indicators = excluded.indicators,
  generated_at = excluded.generated_at,
  updated_at = now();

insert into public.region_scores (
  capability_area_id, region_id, strength_score, confidence, source_ids, indicators, generated_at
)
values (
  'arctic-isr-drones',
  'CA-NS',
  40,
  'Medium',
  array['statcan-business-counts-33101095', 'statcan-rd-performers-27100049', 'dnd-dcb-2025', 'dnd-defence-industrial-strategy', 'nbd-broadband', 'remote-energy']::text[],
  '{"firms":{"status":"measured","value":1322,"unit":"business locations with employees","sourceIds":["statcan-business-counts-33101095"],"note":"Sum of selected NAICS categories for 2025-07."},"labour":{"status":"catalogued_not_normalized","value":null,"unit":"persons","sourceIds":["statcan-labour-14100023"],"note":"Source is catalogued; mission-to-labour mapping has not been normalized in v1."},"rd":{"status":"national_context_only","value":null,"nationalValue":6624,"unit":"R&D performers","sourceIds":["statcan-rd-performers-27100049"],"note":"National R&D performer signal for selected industries, 2023."},"exports":{"status":"catalogued_not_normalized","value":null,"unit":"CAD","sourceIds":["statcan-trade-12100175"],"note":"Trade source is catalogued; commodity concordance is not normalized in v1."},"procurementSignals":{"status":"national_context_only","value":null,"unit":"public demand signals","sourceIds":["dnd-dcb-2025","canadabuys-tenders","canadabuys-awards","open-contracts"],"note":"Public procurement sources are catalogued; keyword counts are not regionalized in v1."},"infrastructure":{"status":"catalogued_not_normalized","value":null,"unit":"readiness overlays","sourceIds":["nbd-broadband","remote-energy"],"note":"Northern broadband and remote energy datasets are catalogued for later overlays."}}'::jsonb,
  '2026-06-15T12:34:40.643Z'::timestamptz
)
on conflict (capability_area_id, region_id) do update set
  strength_score = excluded.strength_score,
  confidence = excluded.confidence,
  source_ids = excluded.source_ids,
  indicators = excluded.indicators,
  generated_at = excluded.generated_at,
  updated_at = now();

insert into public.region_scores (
  capability_area_id, region_id, strength_score, confidence, source_ids, indicators, generated_at
)
values (
  'arctic-isr-drones',
  'CA-PE',
  38,
  'Medium',
  array['statcan-business-counts-33101095', 'statcan-rd-performers-27100049', 'dnd-dcb-2025', 'dnd-defence-industrial-strategy', 'nbd-broadband', 'remote-energy']::text[],
  '{"firms":{"status":"measured","value":240,"unit":"business locations with employees","sourceIds":["statcan-business-counts-33101095"],"note":"Sum of selected NAICS categories for 2025-07."},"labour":{"status":"catalogued_not_normalized","value":null,"unit":"persons","sourceIds":["statcan-labour-14100023"],"note":"Source is catalogued; mission-to-labour mapping has not been normalized in v1."},"rd":{"status":"national_context_only","value":null,"nationalValue":6624,"unit":"R&D performers","sourceIds":["statcan-rd-performers-27100049"],"note":"National R&D performer signal for selected industries, 2023."},"exports":{"status":"catalogued_not_normalized","value":null,"unit":"CAD","sourceIds":["statcan-trade-12100175"],"note":"Trade source is catalogued; commodity concordance is not normalized in v1."},"procurementSignals":{"status":"national_context_only","value":null,"unit":"public demand signals","sourceIds":["dnd-dcb-2025","canadabuys-tenders","canadabuys-awards","open-contracts"],"note":"Public procurement sources are catalogued; keyword counts are not regionalized in v1."},"infrastructure":{"status":"catalogued_not_normalized","value":null,"unit":"readiness overlays","sourceIds":["nbd-broadband","remote-energy"],"note":"Northern broadband and remote energy datasets are catalogued for later overlays."}}'::jsonb,
  '2026-06-15T12:34:40.643Z'::timestamptz
)
on conflict (capability_area_id, region_id) do update set
  strength_score = excluded.strength_score,
  confidence = excluded.confidence,
  source_ids = excluded.source_ids,
  indicators = excluded.indicators,
  generated_at = excluded.generated_at,
  updated_at = now();

insert into public.region_scores (
  capability_area_id, region_id, strength_score, confidence, source_ids, indicators, generated_at
)
values (
  'arctic-isr-drones',
  'CA-NL',
  39,
  'Medium',
  array['statcan-business-counts-33101095', 'statcan-rd-performers-27100049', 'dnd-dcb-2025', 'dnd-defence-industrial-strategy', 'nbd-broadband', 'remote-energy']::text[],
  '{"firms":{"status":"measured","value":563,"unit":"business locations with employees","sourceIds":["statcan-business-counts-33101095"],"note":"Sum of selected NAICS categories for 2025-07."},"labour":{"status":"catalogued_not_normalized","value":null,"unit":"persons","sourceIds":["statcan-labour-14100023"],"note":"Source is catalogued; mission-to-labour mapping has not been normalized in v1."},"rd":{"status":"national_context_only","value":null,"nationalValue":6624,"unit":"R&D performers","sourceIds":["statcan-rd-performers-27100049"],"note":"National R&D performer signal for selected industries, 2023."},"exports":{"status":"catalogued_not_normalized","value":null,"unit":"CAD","sourceIds":["statcan-trade-12100175"],"note":"Trade source is catalogued; commodity concordance is not normalized in v1."},"procurementSignals":{"status":"national_context_only","value":null,"unit":"public demand signals","sourceIds":["dnd-dcb-2025","canadabuys-tenders","canadabuys-awards","open-contracts"],"note":"Public procurement sources are catalogued; keyword counts are not regionalized in v1."},"infrastructure":{"status":"catalogued_not_normalized","value":null,"unit":"readiness overlays","sourceIds":["nbd-broadband","remote-energy"],"note":"Northern broadband and remote energy datasets are catalogued for later overlays."}}'::jsonb,
  '2026-06-15T12:34:40.643Z'::timestamptz
)
on conflict (capability_area_id, region_id) do update set
  strength_score = excluded.strength_score,
  confidence = excluded.confidence,
  source_ids = excluded.source_ids,
  indicators = excluded.indicators,
  generated_at = excluded.generated_at,
  updated_at = now();

insert into public.region_scores (
  capability_area_id, region_id, strength_score, confidence, source_ids, indicators, generated_at
)
values (
  'arctic-isr-drones',
  'CA-YT',
  38,
  'Medium',
  array['statcan-business-counts-33101095', 'statcan-rd-performers-27100049', 'dnd-dcb-2025', 'dnd-defence-industrial-strategy', 'nbd-broadband', 'remote-energy']::text[],
  '{"firms":{"status":"measured","value":75,"unit":"business locations with employees","sourceIds":["statcan-business-counts-33101095"],"note":"Sum of selected NAICS categories for 2025-07."},"labour":{"status":"catalogued_not_normalized","value":null,"unit":"persons","sourceIds":["statcan-labour-14100023"],"note":"Source is catalogued; mission-to-labour mapping has not been normalized in v1."},"rd":{"status":"national_context_only","value":null,"nationalValue":6624,"unit":"R&D performers","sourceIds":["statcan-rd-performers-27100049"],"note":"National R&D performer signal for selected industries, 2023."},"exports":{"status":"catalogued_not_normalized","value":null,"unit":"CAD","sourceIds":["statcan-trade-12100175"],"note":"Trade source is catalogued; commodity concordance is not normalized in v1."},"procurementSignals":{"status":"national_context_only","value":null,"unit":"public demand signals","sourceIds":["dnd-dcb-2025","canadabuys-tenders","canadabuys-awards","open-contracts"],"note":"Public procurement sources are catalogued; keyword counts are not regionalized in v1."},"infrastructure":{"status":"catalogued_not_normalized","value":null,"unit":"readiness overlays","sourceIds":["nbd-broadband","remote-energy"],"note":"Northern broadband and remote energy datasets are catalogued for later overlays."}}'::jsonb,
  '2026-06-15T12:34:40.643Z'::timestamptz
)
on conflict (capability_area_id, region_id) do update set
  strength_score = excluded.strength_score,
  confidence = excluded.confidence,
  source_ids = excluded.source_ids,
  indicators = excluded.indicators,
  generated_at = excluded.generated_at,
  updated_at = now();

insert into public.region_scores (
  capability_area_id, region_id, strength_score, confidence, source_ids, indicators, generated_at
)
values (
  'arctic-isr-drones',
  'CA-NT',
  38,
  'Medium',
  array['statcan-business-counts-33101095', 'statcan-rd-performers-27100049', 'dnd-dcb-2025', 'dnd-defence-industrial-strategy', 'nbd-broadband', 'remote-energy']::text[],
  '{"firms":{"status":"measured","value":36,"unit":"business locations with employees","sourceIds":["statcan-business-counts-33101095"],"note":"Sum of selected NAICS categories for 2025-07."},"labour":{"status":"catalogued_not_normalized","value":null,"unit":"persons","sourceIds":["statcan-labour-14100023"],"note":"Source is catalogued; mission-to-labour mapping has not been normalized in v1."},"rd":{"status":"national_context_only","value":null,"nationalValue":6624,"unit":"R&D performers","sourceIds":["statcan-rd-performers-27100049"],"note":"National R&D performer signal for selected industries, 2023."},"exports":{"status":"catalogued_not_normalized","value":null,"unit":"CAD","sourceIds":["statcan-trade-12100175"],"note":"Trade source is catalogued; commodity concordance is not normalized in v1."},"procurementSignals":{"status":"national_context_only","value":null,"unit":"public demand signals","sourceIds":["dnd-dcb-2025","canadabuys-tenders","canadabuys-awards","open-contracts"],"note":"Public procurement sources are catalogued; keyword counts are not regionalized in v1."},"infrastructure":{"status":"catalogued_not_normalized","value":null,"unit":"readiness overlays","sourceIds":["nbd-broadband","remote-energy"],"note":"Northern broadband and remote energy datasets are catalogued for later overlays."}}'::jsonb,
  '2026-06-15T12:34:40.643Z'::timestamptz
)
on conflict (capability_area_id, region_id) do update set
  strength_score = excluded.strength_score,
  confidence = excluded.confidence,
  source_ids = excluded.source_ids,
  indicators = excluded.indicators,
  generated_at = excluded.generated_at,
  updated_at = now();

insert into public.region_scores (
  capability_area_id, region_id, strength_score, confidence, source_ids, indicators, generated_at
)
values (
  'arctic-isr-drones',
  'CA-NU',
  38,
  'Medium',
  array['statcan-business-counts-33101095', 'statcan-rd-performers-27100049', 'dnd-dcb-2025', 'dnd-defence-industrial-strategy', 'nbd-broadband', 'remote-energy']::text[],
  '{"firms":{"status":"measured","value":11,"unit":"business locations with employees","sourceIds":["statcan-business-counts-33101095"],"note":"Sum of selected NAICS categories for 2025-07."},"labour":{"status":"catalogued_not_normalized","value":null,"unit":"persons","sourceIds":["statcan-labour-14100023"],"note":"Source is catalogued; mission-to-labour mapping has not been normalized in v1."},"rd":{"status":"national_context_only","value":null,"nationalValue":6624,"unit":"R&D performers","sourceIds":["statcan-rd-performers-27100049"],"note":"National R&D performer signal for selected industries, 2023."},"exports":{"status":"catalogued_not_normalized","value":null,"unit":"CAD","sourceIds":["statcan-trade-12100175"],"note":"Trade source is catalogued; commodity concordance is not normalized in v1."},"procurementSignals":{"status":"national_context_only","value":null,"unit":"public demand signals","sourceIds":["dnd-dcb-2025","canadabuys-tenders","canadabuys-awards","open-contracts"],"note":"Public procurement sources are catalogued; keyword counts are not regionalized in v1."},"infrastructure":{"status":"catalogued_not_normalized","value":null,"unit":"readiness overlays","sourceIds":["nbd-broadband","remote-energy"],"note":"Northern broadband and remote energy datasets are catalogued for later overlays."}}'::jsonb,
  '2026-06-15T12:34:40.643Z'::timestamptz
)
on conflict (capability_area_id, region_id) do update set
  strength_score = excluded.strength_score,
  confidence = excluded.confidence,
  source_ids = excluded.source_ids,
  indicators = excluded.indicators,
  generated_at = excluded.generated_at,
  updated_at = now();

insert into public.region_scores (
  capability_area_id, region_id, strength_score, confidence, source_ids, indicators, generated_at
)
values (
  'secure-communications',
  'CA-BC',
  50,
  'Medium',
  array['statcan-business-counts-33101095', 'statcan-rd-performers-27100049', 'dnd-dcb-2025', 'dnd-defence-industrial-strategy', 'canadabuys-tenders', 'canadabuys-awards']::text[],
  '{"firms":{"status":"measured","value":11495,"unit":"business locations with employees","sourceIds":["statcan-business-counts-33101095"],"note":"Sum of selected NAICS categories for 2025-07."},"labour":{"status":"catalogued_not_normalized","value":null,"unit":"persons","sourceIds":["statcan-labour-14100023"],"note":"Source is catalogued; mission-to-labour mapping has not been normalized in v1."},"rd":{"status":"national_context_only","value":null,"nationalValue":5862,"unit":"R&D performers","sourceIds":["statcan-rd-performers-27100049"],"note":"National R&D performer signal for selected industries, 2023."},"exports":{"status":"catalogued_not_normalized","value":null,"unit":"CAD","sourceIds":["statcan-trade-12100175"],"note":"Trade source is catalogued; commodity concordance is not normalized in v1."},"procurementSignals":{"status":"national_context_only","value":null,"unit":"public demand signals","sourceIds":["dnd-dcb-2025","canadabuys-tenders","canadabuys-awards","open-contracts"],"note":"Public procurement sources are catalogued; keyword counts are not regionalized in v1."},"infrastructure":{"status":"not_applicable_for_v1","value":null,"unit":"readiness overlays","sourceIds":["dnd-dcb-2025","dnd-defence-industrial-strategy"],"note":"No infrastructure overlay is computed for this mission in v1."}}'::jsonb,
  '2026-06-15T12:34:40.643Z'::timestamptz
)
on conflict (capability_area_id, region_id) do update set
  strength_score = excluded.strength_score,
  confidence = excluded.confidence,
  source_ids = excluded.source_ids,
  indicators = excluded.indicators,
  generated_at = excluded.generated_at,
  updated_at = now();

insert into public.region_scores (
  capability_area_id, region_id, strength_score, confidence, source_ids, indicators, generated_at
)
values (
  'secure-communications',
  'CA-AB',
  48,
  'Medium',
  array['statcan-business-counts-33101095', 'statcan-rd-performers-27100049', 'dnd-dcb-2025', 'dnd-defence-industrial-strategy', 'canadabuys-tenders', 'canadabuys-awards']::text[],
  '{"firms":{"status":"measured","value":9511,"unit":"business locations with employees","sourceIds":["statcan-business-counts-33101095"],"note":"Sum of selected NAICS categories for 2025-07."},"labour":{"status":"catalogued_not_normalized","value":null,"unit":"persons","sourceIds":["statcan-labour-14100023"],"note":"Source is catalogued; mission-to-labour mapping has not been normalized in v1."},"rd":{"status":"national_context_only","value":null,"nationalValue":5862,"unit":"R&D performers","sourceIds":["statcan-rd-performers-27100049"],"note":"National R&D performer signal for selected industries, 2023."},"exports":{"status":"catalogued_not_normalized","value":null,"unit":"CAD","sourceIds":["statcan-trade-12100175"],"note":"Trade source is catalogued; commodity concordance is not normalized in v1."},"procurementSignals":{"status":"national_context_only","value":null,"unit":"public demand signals","sourceIds":["dnd-dcb-2025","canadabuys-tenders","canadabuys-awards","open-contracts"],"note":"Public procurement sources are catalogued; keyword counts are not regionalized in v1."},"infrastructure":{"status":"not_applicable_for_v1","value":null,"unit":"readiness overlays","sourceIds":["dnd-dcb-2025","dnd-defence-industrial-strategy"],"note":"No infrastructure overlay is computed for this mission in v1."}}'::jsonb,
  '2026-06-15T12:34:40.643Z'::timestamptz
)
on conflict (capability_area_id, region_id) do update set
  strength_score = excluded.strength_score,
  confidence = excluded.confidence,
  source_ids = excluded.source_ids,
  indicators = excluded.indicators,
  generated_at = excluded.generated_at,
  updated_at = now();

insert into public.region_scores (
  capability_area_id, region_id, strength_score, confidence, source_ids, indicators, generated_at
)
values (
  'secure-communications',
  'CA-SK',
  37,
  'Medium',
  array['statcan-business-counts-33101095', 'statcan-rd-performers-27100049', 'dnd-dcb-2025', 'dnd-defence-industrial-strategy', 'canadabuys-tenders', 'canadabuys-awards']::text[],
  '{"firms":{"status":"measured","value":1192,"unit":"business locations with employees","sourceIds":["statcan-business-counts-33101095"],"note":"Sum of selected NAICS categories for 2025-07."},"labour":{"status":"catalogued_not_normalized","value":null,"unit":"persons","sourceIds":["statcan-labour-14100023"],"note":"Source is catalogued; mission-to-labour mapping has not been normalized in v1."},"rd":{"status":"national_context_only","value":null,"nationalValue":5862,"unit":"R&D performers","sourceIds":["statcan-rd-performers-27100049"],"note":"National R&D performer signal for selected industries, 2023."},"exports":{"status":"catalogued_not_normalized","value":null,"unit":"CAD","sourceIds":["statcan-trade-12100175"],"note":"Trade source is catalogued; commodity concordance is not normalized in v1."},"procurementSignals":{"status":"national_context_only","value":null,"unit":"public demand signals","sourceIds":["dnd-dcb-2025","canadabuys-tenders","canadabuys-awards","open-contracts"],"note":"Public procurement sources are catalogued; keyword counts are not regionalized in v1."},"infrastructure":{"status":"not_applicable_for_v1","value":null,"unit":"readiness overlays","sourceIds":["dnd-dcb-2025","dnd-defence-industrial-strategy"],"note":"No infrastructure overlay is computed for this mission in v1."}}'::jsonb,
  '2026-06-15T12:34:40.643Z'::timestamptz
)
on conflict (capability_area_id, region_id) do update set
  strength_score = excluded.strength_score,
  confidence = excluded.confidence,
  source_ids = excluded.source_ids,
  indicators = excluded.indicators,
  generated_at = excluded.generated_at,
  updated_at = now();

insert into public.region_scores (
  capability_area_id, region_id, strength_score, confidence, source_ids, indicators, generated_at
)
values (
  'secure-communications',
  'CA-MB',
  38,
  'Medium',
  array['statcan-business-counts-33101095', 'statcan-rd-performers-27100049', 'dnd-dcb-2025', 'dnd-defence-industrial-strategy', 'canadabuys-tenders', 'canadabuys-awards']::text[],
  '{"firms":{"status":"measured","value":1508,"unit":"business locations with employees","sourceIds":["statcan-business-counts-33101095"],"note":"Sum of selected NAICS categories for 2025-07."},"labour":{"status":"catalogued_not_normalized","value":null,"unit":"persons","sourceIds":["statcan-labour-14100023"],"note":"Source is catalogued; mission-to-labour mapping has not been normalized in v1."},"rd":{"status":"national_context_only","value":null,"nationalValue":5862,"unit":"R&D performers","sourceIds":["statcan-rd-performers-27100049"],"note":"National R&D performer signal for selected industries, 2023."},"exports":{"status":"catalogued_not_normalized","value":null,"unit":"CAD","sourceIds":["statcan-trade-12100175"],"note":"Trade source is catalogued; commodity concordance is not normalized in v1."},"procurementSignals":{"status":"national_context_only","value":null,"unit":"public demand signals","sourceIds":["dnd-dcb-2025","canadabuys-tenders","canadabuys-awards","open-contracts"],"note":"Public procurement sources are catalogued; keyword counts are not regionalized in v1."},"infrastructure":{"status":"not_applicable_for_v1","value":null,"unit":"readiness overlays","sourceIds":["dnd-dcb-2025","dnd-defence-industrial-strategy"],"note":"No infrastructure overlay is computed for this mission in v1."}}'::jsonb,
  '2026-06-15T12:34:40.643Z'::timestamptz
)
on conflict (capability_area_id, region_id) do update set
  strength_score = excluded.strength_score,
  confidence = excluded.confidence,
  source_ids = excluded.source_ids,
  indicators = excluded.indicators,
  generated_at = excluded.generated_at,
  updated_at = now();

insert into public.region_scores (
  capability_area_id, region_id, strength_score, confidence, source_ids, indicators, generated_at
)
values (
  'secure-communications',
  'CA-ON',
  100,
  'Medium',
  array['statcan-business-counts-33101095', 'statcan-rd-performers-27100049', 'dnd-dcb-2025', 'dnd-defence-industrial-strategy', 'canadabuys-tenders', 'canadabuys-awards']::text[],
  '{"firms":{"status":"measured","value":52806,"unit":"business locations with employees","sourceIds":["statcan-business-counts-33101095"],"note":"Sum of selected NAICS categories for 2025-07."},"labour":{"status":"catalogued_not_normalized","value":null,"unit":"persons","sourceIds":["statcan-labour-14100023"],"note":"Source is catalogued; mission-to-labour mapping has not been normalized in v1."},"rd":{"status":"national_context_only","value":null,"nationalValue":5862,"unit":"R&D performers","sourceIds":["statcan-rd-performers-27100049"],"note":"National R&D performer signal for selected industries, 2023."},"exports":{"status":"catalogued_not_normalized","value":null,"unit":"CAD","sourceIds":["statcan-trade-12100175"],"note":"Trade source is catalogued; commodity concordance is not normalized in v1."},"procurementSignals":{"status":"national_context_only","value":null,"unit":"public demand signals","sourceIds":["dnd-dcb-2025","canadabuys-tenders","canadabuys-awards","open-contracts"],"note":"Public procurement sources are catalogued; keyword counts are not regionalized in v1."},"infrastructure":{"status":"not_applicable_for_v1","value":null,"unit":"readiness overlays","sourceIds":["dnd-dcb-2025","dnd-defence-industrial-strategy"],"note":"No infrastructure overlay is computed for this mission in v1."}}'::jsonb,
  '2026-06-15T12:34:40.643Z'::timestamptz
)
on conflict (capability_area_id, region_id) do update set
  strength_score = excluded.strength_score,
  confidence = excluded.confidence,
  source_ids = excluded.source_ids,
  indicators = excluded.indicators,
  generated_at = excluded.generated_at,
  updated_at = now();

insert into public.region_scores (
  capability_area_id, region_id, strength_score, confidence, source_ids, indicators, generated_at
)
values (
  'secure-communications',
  'CA-QC',
  61,
  'Medium',
  array['statcan-business-counts-33101095', 'statcan-rd-performers-27100049', 'dnd-dcb-2025', 'dnd-defence-industrial-strategy', 'canadabuys-tenders', 'canadabuys-awards']::text[],
  '{"firms":{"status":"measured","value":20776,"unit":"business locations with employees","sourceIds":["statcan-business-counts-33101095"],"note":"Sum of selected NAICS categories for 2025-07."},"labour":{"status":"catalogued_not_normalized","value":null,"unit":"persons","sourceIds":["statcan-labour-14100023"],"note":"Source is catalogued; mission-to-labour mapping has not been normalized in v1."},"rd":{"status":"national_context_only","value":null,"nationalValue":5862,"unit":"R&D performers","sourceIds":["statcan-rd-performers-27100049"],"note":"National R&D performer signal for selected industries, 2023."},"exports":{"status":"catalogued_not_normalized","value":null,"unit":"CAD","sourceIds":["statcan-trade-12100175"],"note":"Trade source is catalogued; commodity concordance is not normalized in v1."},"procurementSignals":{"status":"national_context_only","value":null,"unit":"public demand signals","sourceIds":["dnd-dcb-2025","canadabuys-tenders","canadabuys-awards","open-contracts"],"note":"Public procurement sources are catalogued; keyword counts are not regionalized in v1."},"infrastructure":{"status":"not_applicable_for_v1","value":null,"unit":"readiness overlays","sourceIds":["dnd-dcb-2025","dnd-defence-industrial-strategy"],"note":"No infrastructure overlay is computed for this mission in v1."}}'::jsonb,
  '2026-06-15T12:34:40.643Z'::timestamptz
)
on conflict (capability_area_id, region_id) do update set
  strength_score = excluded.strength_score,
  confidence = excluded.confidence,
  source_ids = excluded.source_ids,
  indicators = excluded.indicators,
  generated_at = excluded.generated_at,
  updated_at = now();

insert into public.region_scores (
  capability_area_id, region_id, strength_score, confidence, source_ids, indicators, generated_at
)
values (
  'secure-communications',
  'CA-NB',
  37,
  'Medium',
  array['statcan-business-counts-33101095', 'statcan-rd-performers-27100049', 'dnd-dcb-2025', 'dnd-defence-industrial-strategy', 'canadabuys-tenders', 'canadabuys-awards']::text[],
  '{"firms":{"status":"measured","value":789,"unit":"business locations with employees","sourceIds":["statcan-business-counts-33101095"],"note":"Sum of selected NAICS categories for 2025-07."},"labour":{"status":"catalogued_not_normalized","value":null,"unit":"persons","sourceIds":["statcan-labour-14100023"],"note":"Source is catalogued; mission-to-labour mapping has not been normalized in v1."},"rd":{"status":"national_context_only","value":null,"nationalValue":5862,"unit":"R&D performers","sourceIds":["statcan-rd-performers-27100049"],"note":"National R&D performer signal for selected industries, 2023."},"exports":{"status":"catalogued_not_normalized","value":null,"unit":"CAD","sourceIds":["statcan-trade-12100175"],"note":"Trade source is catalogued; commodity concordance is not normalized in v1."},"procurementSignals":{"status":"national_context_only","value":null,"unit":"public demand signals","sourceIds":["dnd-dcb-2025","canadabuys-tenders","canadabuys-awards","open-contracts"],"note":"Public procurement sources are catalogued; keyword counts are not regionalized in v1."},"infrastructure":{"status":"not_applicable_for_v1","value":null,"unit":"readiness overlays","sourceIds":["dnd-dcb-2025","dnd-defence-industrial-strategy"],"note":"No infrastructure overlay is computed for this mission in v1."}}'::jsonb,
  '2026-06-15T12:34:40.643Z'::timestamptz
)
on conflict (capability_area_id, region_id) do update set
  strength_score = excluded.strength_score,
  confidence = excluded.confidence,
  source_ids = excluded.source_ids,
  indicators = excluded.indicators,
  generated_at = excluded.generated_at,
  updated_at = now();

insert into public.region_scores (
  capability_area_id, region_id, strength_score, confidence, source_ids, indicators, generated_at
)
values (
  'secure-communications',
  'CA-NS',
  38,
  'Medium',
  array['statcan-business-counts-33101095', 'statcan-rd-performers-27100049', 'dnd-dcb-2025', 'dnd-defence-industrial-strategy', 'canadabuys-tenders', 'canadabuys-awards']::text[],
  '{"firms":{"status":"measured","value":1287,"unit":"business locations with employees","sourceIds":["statcan-business-counts-33101095"],"note":"Sum of selected NAICS categories for 2025-07."},"labour":{"status":"catalogued_not_normalized","value":null,"unit":"persons","sourceIds":["statcan-labour-14100023"],"note":"Source is catalogued; mission-to-labour mapping has not been normalized in v1."},"rd":{"status":"national_context_only","value":null,"nationalValue":5862,"unit":"R&D performers","sourceIds":["statcan-rd-performers-27100049"],"note":"National R&D performer signal for selected industries, 2023."},"exports":{"status":"catalogued_not_normalized","value":null,"unit":"CAD","sourceIds":["statcan-trade-12100175"],"note":"Trade source is catalogued; commodity concordance is not normalized in v1."},"procurementSignals":{"status":"national_context_only","value":null,"unit":"public demand signals","sourceIds":["dnd-dcb-2025","canadabuys-tenders","canadabuys-awards","open-contracts"],"note":"Public procurement sources are catalogued; keyword counts are not regionalized in v1."},"infrastructure":{"status":"not_applicable_for_v1","value":null,"unit":"readiness overlays","sourceIds":["dnd-dcb-2025","dnd-defence-industrial-strategy"],"note":"No infrastructure overlay is computed for this mission in v1."}}'::jsonb,
  '2026-06-15T12:34:40.643Z'::timestamptz
)
on conflict (capability_area_id, region_id) do update set
  strength_score = excluded.strength_score,
  confidence = excluded.confidence,
  source_ids = excluded.source_ids,
  indicators = excluded.indicators,
  generated_at = excluded.generated_at,
  updated_at = now();

insert into public.region_scores (
  capability_area_id, region_id, strength_score, confidence, source_ids, indicators, generated_at
)
values (
  'secure-communications',
  'CA-PE',
  36,
  'Medium',
  array['statcan-business-counts-33101095', 'statcan-rd-performers-27100049', 'dnd-dcb-2025', 'dnd-defence-industrial-strategy', 'canadabuys-tenders', 'canadabuys-awards']::text[],
  '{"firms":{"status":"measured","value":261,"unit":"business locations with employees","sourceIds":["statcan-business-counts-33101095"],"note":"Sum of selected NAICS categories for 2025-07."},"labour":{"status":"catalogued_not_normalized","value":null,"unit":"persons","sourceIds":["statcan-labour-14100023"],"note":"Source is catalogued; mission-to-labour mapping has not been normalized in v1."},"rd":{"status":"national_context_only","value":null,"nationalValue":5862,"unit":"R&D performers","sourceIds":["statcan-rd-performers-27100049"],"note":"National R&D performer signal for selected industries, 2023."},"exports":{"status":"catalogued_not_normalized","value":null,"unit":"CAD","sourceIds":["statcan-trade-12100175"],"note":"Trade source is catalogued; commodity concordance is not normalized in v1."},"procurementSignals":{"status":"national_context_only","value":null,"unit":"public demand signals","sourceIds":["dnd-dcb-2025","canadabuys-tenders","canadabuys-awards","open-contracts"],"note":"Public procurement sources are catalogued; keyword counts are not regionalized in v1."},"infrastructure":{"status":"not_applicable_for_v1","value":null,"unit":"readiness overlays","sourceIds":["dnd-dcb-2025","dnd-defence-industrial-strategy"],"note":"No infrastructure overlay is computed for this mission in v1."}}'::jsonb,
  '2026-06-15T12:34:40.643Z'::timestamptz
)
on conflict (capability_area_id, region_id) do update set
  strength_score = excluded.strength_score,
  confidence = excluded.confidence,
  source_ids = excluded.source_ids,
  indicators = excluded.indicators,
  generated_at = excluded.generated_at,
  updated_at = now();

insert into public.region_scores (
  capability_area_id, region_id, strength_score, confidence, source_ids, indicators, generated_at
)
values (
  'secure-communications',
  'CA-NL',
  37,
  'Medium',
  array['statcan-business-counts-33101095', 'statcan-rd-performers-27100049', 'dnd-dcb-2025', 'dnd-defence-industrial-strategy', 'canadabuys-tenders', 'canadabuys-awards']::text[],
  '{"firms":{"status":"measured","value":534,"unit":"business locations with employees","sourceIds":["statcan-business-counts-33101095"],"note":"Sum of selected NAICS categories for 2025-07."},"labour":{"status":"catalogued_not_normalized","value":null,"unit":"persons","sourceIds":["statcan-labour-14100023"],"note":"Source is catalogued; mission-to-labour mapping has not been normalized in v1."},"rd":{"status":"national_context_only","value":null,"nationalValue":5862,"unit":"R&D performers","sourceIds":["statcan-rd-performers-27100049"],"note":"National R&D performer signal for selected industries, 2023."},"exports":{"status":"catalogued_not_normalized","value":null,"unit":"CAD","sourceIds":["statcan-trade-12100175"],"note":"Trade source is catalogued; commodity concordance is not normalized in v1."},"procurementSignals":{"status":"national_context_only","value":null,"unit":"public demand signals","sourceIds":["dnd-dcb-2025","canadabuys-tenders","canadabuys-awards","open-contracts"],"note":"Public procurement sources are catalogued; keyword counts are not regionalized in v1."},"infrastructure":{"status":"not_applicable_for_v1","value":null,"unit":"readiness overlays","sourceIds":["dnd-dcb-2025","dnd-defence-industrial-strategy"],"note":"No infrastructure overlay is computed for this mission in v1."}}'::jsonb,
  '2026-06-15T12:34:40.643Z'::timestamptz
)
on conflict (capability_area_id, region_id) do update set
  strength_score = excluded.strength_score,
  confidence = excluded.confidence,
  source_ids = excluded.source_ids,
  indicators = excluded.indicators,
  generated_at = excluded.generated_at,
  updated_at = now();

insert into public.region_scores (
  capability_area_id, region_id, strength_score, confidence, source_ids, indicators, generated_at
)
values (
  'secure-communications',
  'CA-YT',
  36,
  'Medium',
  array['statcan-business-counts-33101095', 'statcan-rd-performers-27100049', 'dnd-dcb-2025', 'dnd-defence-industrial-strategy', 'canadabuys-tenders', 'canadabuys-awards']::text[],
  '{"firms":{"status":"measured","value":52,"unit":"business locations with employees","sourceIds":["statcan-business-counts-33101095"],"note":"Sum of selected NAICS categories for 2025-07."},"labour":{"status":"catalogued_not_normalized","value":null,"unit":"persons","sourceIds":["statcan-labour-14100023"],"note":"Source is catalogued; mission-to-labour mapping has not been normalized in v1."},"rd":{"status":"national_context_only","value":null,"nationalValue":5862,"unit":"R&D performers","sourceIds":["statcan-rd-performers-27100049"],"note":"National R&D performer signal for selected industries, 2023."},"exports":{"status":"catalogued_not_normalized","value":null,"unit":"CAD","sourceIds":["statcan-trade-12100175"],"note":"Trade source is catalogued; commodity concordance is not normalized in v1."},"procurementSignals":{"status":"national_context_only","value":null,"unit":"public demand signals","sourceIds":["dnd-dcb-2025","canadabuys-tenders","canadabuys-awards","open-contracts"],"note":"Public procurement sources are catalogued; keyword counts are not regionalized in v1."},"infrastructure":{"status":"not_applicable_for_v1","value":null,"unit":"readiness overlays","sourceIds":["dnd-dcb-2025","dnd-defence-industrial-strategy"],"note":"No infrastructure overlay is computed for this mission in v1."}}'::jsonb,
  '2026-06-15T12:34:40.643Z'::timestamptz
)
on conflict (capability_area_id, region_id) do update set
  strength_score = excluded.strength_score,
  confidence = excluded.confidence,
  source_ids = excluded.source_ids,
  indicators = excluded.indicators,
  generated_at = excluded.generated_at,
  updated_at = now();

insert into public.region_scores (
  capability_area_id, region_id, strength_score, confidence, source_ids, indicators, generated_at
)
values (
  'secure-communications',
  'CA-NT',
  36,
  'Medium',
  array['statcan-business-counts-33101095', 'statcan-rd-performers-27100049', 'dnd-dcb-2025', 'dnd-defence-industrial-strategy', 'canadabuys-tenders', 'canadabuys-awards']::text[],
  '{"firms":{"status":"measured","value":44,"unit":"business locations with employees","sourceIds":["statcan-business-counts-33101095"],"note":"Sum of selected NAICS categories for 2025-07."},"labour":{"status":"catalogued_not_normalized","value":null,"unit":"persons","sourceIds":["statcan-labour-14100023"],"note":"Source is catalogued; mission-to-labour mapping has not been normalized in v1."},"rd":{"status":"national_context_only","value":null,"nationalValue":5862,"unit":"R&D performers","sourceIds":["statcan-rd-performers-27100049"],"note":"National R&D performer signal for selected industries, 2023."},"exports":{"status":"catalogued_not_normalized","value":null,"unit":"CAD","sourceIds":["statcan-trade-12100175"],"note":"Trade source is catalogued; commodity concordance is not normalized in v1."},"procurementSignals":{"status":"national_context_only","value":null,"unit":"public demand signals","sourceIds":["dnd-dcb-2025","canadabuys-tenders","canadabuys-awards","open-contracts"],"note":"Public procurement sources are catalogued; keyword counts are not regionalized in v1."},"infrastructure":{"status":"not_applicable_for_v1","value":null,"unit":"readiness overlays","sourceIds":["dnd-dcb-2025","dnd-defence-industrial-strategy"],"note":"No infrastructure overlay is computed for this mission in v1."}}'::jsonb,
  '2026-06-15T12:34:40.643Z'::timestamptz
)
on conflict (capability_area_id, region_id) do update set
  strength_score = excluded.strength_score,
  confidence = excluded.confidence,
  source_ids = excluded.source_ids,
  indicators = excluded.indicators,
  generated_at = excluded.generated_at,
  updated_at = now();

insert into public.region_scores (
  capability_area_id, region_id, strength_score, confidence, source_ids, indicators, generated_at
)
values (
  'secure-communications',
  'CA-NU',
  36,
  'Medium',
  array['statcan-business-counts-33101095', 'statcan-rd-performers-27100049', 'dnd-dcb-2025', 'dnd-defence-industrial-strategy', 'canadabuys-tenders', 'canadabuys-awards']::text[],
  '{"firms":{"status":"measured","value":15,"unit":"business locations with employees","sourceIds":["statcan-business-counts-33101095"],"note":"Sum of selected NAICS categories for 2025-07."},"labour":{"status":"catalogued_not_normalized","value":null,"unit":"persons","sourceIds":["statcan-labour-14100023"],"note":"Source is catalogued; mission-to-labour mapping has not been normalized in v1."},"rd":{"status":"national_context_only","value":null,"nationalValue":5862,"unit":"R&D performers","sourceIds":["statcan-rd-performers-27100049"],"note":"National R&D performer signal for selected industries, 2023."},"exports":{"status":"catalogued_not_normalized","value":null,"unit":"CAD","sourceIds":["statcan-trade-12100175"],"note":"Trade source is catalogued; commodity concordance is not normalized in v1."},"procurementSignals":{"status":"national_context_only","value":null,"unit":"public demand signals","sourceIds":["dnd-dcb-2025","canadabuys-tenders","canadabuys-awards","open-contracts"],"note":"Public procurement sources are catalogued; keyword counts are not regionalized in v1."},"infrastructure":{"status":"not_applicable_for_v1","value":null,"unit":"readiness overlays","sourceIds":["dnd-dcb-2025","dnd-defence-industrial-strategy"],"note":"No infrastructure overlay is computed for this mission in v1."}}'::jsonb,
  '2026-06-15T12:34:40.643Z'::timestamptz
)
on conflict (capability_area_id, region_id) do update set
  strength_score = excluded.strength_score,
  confidence = excluded.confidence,
  source_ids = excluded.source_ids,
  indicators = excluded.indicators,
  generated_at = excluded.generated_at,
  updated_at = now();

insert into public.region_scores (
  capability_area_id, region_id, strength_score, confidence, source_ids, indicators, generated_at
)
values (
  'naval-autonomy',
  'CA-BC',
  50,
  'Medium',
  array['statcan-business-counts-33101095', 'statcan-rd-performers-27100049', 'dnd-dcb-2025', 'dnd-defence-industrial-strategy', 'itb-policy', 'itb-obligations']::text[],
  '{"firms":{"status":"measured","value":13193,"unit":"business locations with employees","sourceIds":["statcan-business-counts-33101095"],"note":"Sum of selected NAICS categories for 2025-07."},"labour":{"status":"catalogued_not_normalized","value":null,"unit":"persons","sourceIds":["statcan-labour-14100023"],"note":"Source is catalogued; mission-to-labour mapping has not been normalized in v1."},"rd":{"status":"national_context_only","value":null,"nationalValue":6445,"unit":"R&D performers","sourceIds":["statcan-rd-performers-27100049"],"note":"National R&D performer signal for selected industries, 2023."},"exports":{"status":"catalogued_not_normalized","value":null,"unit":"CAD","sourceIds":["statcan-trade-12100175"],"note":"Trade source is catalogued; commodity concordance is not normalized in v1."},"procurementSignals":{"status":"national_context_only","value":null,"unit":"public demand signals","sourceIds":["dnd-dcb-2025","canadabuys-tenders","canadabuys-awards","open-contracts"],"note":"Public procurement sources are catalogued; keyword counts are not regionalized in v1."},"infrastructure":{"status":"not_applicable_for_v1","value":null,"unit":"readiness overlays","sourceIds":["dnd-dcb-2025","dnd-defence-industrial-strategy"],"note":"No infrastructure overlay is computed for this mission in v1."}}'::jsonb,
  '2026-06-15T12:34:40.643Z'::timestamptz
)
on conflict (capability_area_id, region_id) do update set
  strength_score = excluded.strength_score,
  confidence = excluded.confidence,
  source_ids = excluded.source_ids,
  indicators = excluded.indicators,
  generated_at = excluded.generated_at,
  updated_at = now();

insert into public.region_scores (
  capability_area_id, region_id, strength_score, confidence, source_ids, indicators, generated_at
)
values (
  'naval-autonomy',
  'CA-AB',
  49,
  'Medium',
  array['statcan-business-counts-33101095', 'statcan-rd-performers-27100049', 'dnd-dcb-2025', 'dnd-defence-industrial-strategy', 'itb-policy', 'itb-obligations']::text[],
  '{"firms":{"status":"measured","value":12420,"unit":"business locations with employees","sourceIds":["statcan-business-counts-33101095"],"note":"Sum of selected NAICS categories for 2025-07."},"labour":{"status":"catalogued_not_normalized","value":null,"unit":"persons","sourceIds":["statcan-labour-14100023"],"note":"Source is catalogued; mission-to-labour mapping has not been normalized in v1."},"rd":{"status":"national_context_only","value":null,"nationalValue":6445,"unit":"R&D performers","sourceIds":["statcan-rd-performers-27100049"],"note":"National R&D performer signal for selected industries, 2023."},"exports":{"status":"catalogued_not_normalized","value":null,"unit":"CAD","sourceIds":["statcan-trade-12100175"],"note":"Trade source is catalogued; commodity concordance is not normalized in v1."},"procurementSignals":{"status":"national_context_only","value":null,"unit":"public demand signals","sourceIds":["dnd-dcb-2025","canadabuys-tenders","canadabuys-awards","open-contracts"],"note":"Public procurement sources are catalogued; keyword counts are not regionalized in v1."},"infrastructure":{"status":"not_applicable_for_v1","value":null,"unit":"readiness overlays","sourceIds":["dnd-dcb-2025","dnd-defence-industrial-strategy"],"note":"No infrastructure overlay is computed for this mission in v1."}}'::jsonb,
  '2026-06-15T12:34:40.643Z'::timestamptz
)
on conflict (capability_area_id, region_id) do update set
  strength_score = excluded.strength_score,
  confidence = excluded.confidence,
  source_ids = excluded.source_ids,
  indicators = excluded.indicators,
  generated_at = excluded.generated_at,
  updated_at = now();

insert into public.region_scores (
  capability_area_id, region_id, strength_score, confidence, source_ids, indicators, generated_at
)
values (
  'naval-autonomy',
  'CA-SK',
  35,
  'Medium',
  array['statcan-business-counts-33101095', 'statcan-rd-performers-27100049', 'dnd-dcb-2025', 'dnd-defence-industrial-strategy', 'itb-policy', 'itb-obligations']::text[],
  '{"firms":{"status":"measured","value":1155,"unit":"business locations with employees","sourceIds":["statcan-business-counts-33101095"],"note":"Sum of selected NAICS categories for 2025-07."},"labour":{"status":"catalogued_not_normalized","value":null,"unit":"persons","sourceIds":["statcan-labour-14100023"],"note":"Source is catalogued; mission-to-labour mapping has not been normalized in v1."},"rd":{"status":"national_context_only","value":null,"nationalValue":6445,"unit":"R&D performers","sourceIds":["statcan-rd-performers-27100049"],"note":"National R&D performer signal for selected industries, 2023."},"exports":{"status":"catalogued_not_normalized","value":null,"unit":"CAD","sourceIds":["statcan-trade-12100175"],"note":"Trade source is catalogued; commodity concordance is not normalized in v1."},"procurementSignals":{"status":"national_context_only","value":null,"unit":"public demand signals","sourceIds":["dnd-dcb-2025","canadabuys-tenders","canadabuys-awards","open-contracts"],"note":"Public procurement sources are catalogued; keyword counts are not regionalized in v1."},"infrastructure":{"status":"not_applicable_for_v1","value":null,"unit":"readiness overlays","sourceIds":["dnd-dcb-2025","dnd-defence-industrial-strategy"],"note":"No infrastructure overlay is computed for this mission in v1."}}'::jsonb,
  '2026-06-15T12:34:40.643Z'::timestamptz
)
on conflict (capability_area_id, region_id) do update set
  strength_score = excluded.strength_score,
  confidence = excluded.confidence,
  source_ids = excluded.source_ids,
  indicators = excluded.indicators,
  generated_at = excluded.generated_at,
  updated_at = now();

insert into public.region_scores (
  capability_area_id, region_id, strength_score, confidence, source_ids, indicators, generated_at
)
values (
  'naval-autonomy',
  'CA-MB',
  36,
  'Medium',
  array['statcan-business-counts-33101095', 'statcan-rd-performers-27100049', 'dnd-dcb-2025', 'dnd-defence-industrial-strategy', 'itb-policy', 'itb-obligations']::text[],
  '{"firms":{"status":"measured","value":1346,"unit":"business locations with employees","sourceIds":["statcan-business-counts-33101095"],"note":"Sum of selected NAICS categories for 2025-07."},"labour":{"status":"catalogued_not_normalized","value":null,"unit":"persons","sourceIds":["statcan-labour-14100023"],"note":"Source is catalogued; mission-to-labour mapping has not been normalized in v1."},"rd":{"status":"national_context_only","value":null,"nationalValue":6445,"unit":"R&D performers","sourceIds":["statcan-rd-performers-27100049"],"note":"National R&D performer signal for selected industries, 2023."},"exports":{"status":"catalogued_not_normalized","value":null,"unit":"CAD","sourceIds":["statcan-trade-12100175"],"note":"Trade source is catalogued; commodity concordance is not normalized in v1."},"procurementSignals":{"status":"national_context_only","value":null,"unit":"public demand signals","sourceIds":["dnd-dcb-2025","canadabuys-tenders","canadabuys-awards","open-contracts"],"note":"Public procurement sources are catalogued; keyword counts are not regionalized in v1."},"infrastructure":{"status":"not_applicable_for_v1","value":null,"unit":"readiness overlays","sourceIds":["dnd-dcb-2025","dnd-defence-industrial-strategy"],"note":"No infrastructure overlay is computed for this mission in v1."}}'::jsonb,
  '2026-06-15T12:34:40.643Z'::timestamptz
)
on conflict (capability_area_id, region_id) do update set
  strength_score = excluded.strength_score,
  confidence = excluded.confidence,
  source_ids = excluded.source_ids,
  indicators = excluded.indicators,
  generated_at = excluded.generated_at,
  updated_at = now();

insert into public.region_scores (
  capability_area_id, region_id, strength_score, confidence, source_ids, indicators, generated_at
)
values (
  'naval-autonomy',
  'CA-ON',
  100,
  'Medium',
  array['statcan-business-counts-33101095', 'statcan-rd-performers-27100049', 'dnd-dcb-2025', 'dnd-defence-industrial-strategy', 'itb-policy', 'itb-obligations']::text[],
  '{"firms":{"status":"measured","value":53822,"unit":"business locations with employees","sourceIds":["statcan-business-counts-33101095"],"note":"Sum of selected NAICS categories for 2025-07."},"labour":{"status":"catalogued_not_normalized","value":null,"unit":"persons","sourceIds":["statcan-labour-14100023"],"note":"Source is catalogued; mission-to-labour mapping has not been normalized in v1."},"rd":{"status":"national_context_only","value":null,"nationalValue":6445,"unit":"R&D performers","sourceIds":["statcan-rd-performers-27100049"],"note":"National R&D performer signal for selected industries, 2023."},"exports":{"status":"catalogued_not_normalized","value":null,"unit":"CAD","sourceIds":["statcan-trade-12100175"],"note":"Trade source is catalogued; commodity concordance is not normalized in v1."},"procurementSignals":{"status":"national_context_only","value":null,"unit":"public demand signals","sourceIds":["dnd-dcb-2025","canadabuys-tenders","canadabuys-awards","open-contracts"],"note":"Public procurement sources are catalogued; keyword counts are not regionalized in v1."},"infrastructure":{"status":"not_applicable_for_v1","value":null,"unit":"readiness overlays","sourceIds":["dnd-dcb-2025","dnd-defence-industrial-strategy"],"note":"No infrastructure overlay is computed for this mission in v1."}}'::jsonb,
  '2026-06-15T12:34:40.643Z'::timestamptz
)
on conflict (capability_area_id, region_id) do update set
  strength_score = excluded.strength_score,
  confidence = excluded.confidence,
  source_ids = excluded.source_ids,
  indicators = excluded.indicators,
  generated_at = excluded.generated_at,
  updated_at = now();

insert into public.region_scores (
  capability_area_id, region_id, strength_score, confidence, source_ids, indicators, generated_at
)
values (
  'naval-autonomy',
  'CA-QC',
  60,
  'Medium',
  array['statcan-business-counts-33101095', 'statcan-rd-performers-27100049', 'dnd-dcb-2025', 'dnd-defence-industrial-strategy', 'itb-policy', 'itb-obligations']::text[],
  '{"firms":{"status":"measured","value":21267,"unit":"business locations with employees","sourceIds":["statcan-business-counts-33101095"],"note":"Sum of selected NAICS categories for 2025-07."},"labour":{"status":"catalogued_not_normalized","value":null,"unit":"persons","sourceIds":["statcan-labour-14100023"],"note":"Source is catalogued; mission-to-labour mapping has not been normalized in v1."},"rd":{"status":"national_context_only","value":null,"nationalValue":6445,"unit":"R&D performers","sourceIds":["statcan-rd-performers-27100049"],"note":"National R&D performer signal for selected industries, 2023."},"exports":{"status":"catalogued_not_normalized","value":null,"unit":"CAD","sourceIds":["statcan-trade-12100175"],"note":"Trade source is catalogued; commodity concordance is not normalized in v1."},"procurementSignals":{"status":"national_context_only","value":null,"unit":"public demand signals","sourceIds":["dnd-dcb-2025","canadabuys-tenders","canadabuys-awards","open-contracts"],"note":"Public procurement sources are catalogued; keyword counts are not regionalized in v1."},"infrastructure":{"status":"not_applicable_for_v1","value":null,"unit":"readiness overlays","sourceIds":["dnd-dcb-2025","dnd-defence-industrial-strategy"],"note":"No infrastructure overlay is computed for this mission in v1."}}'::jsonb,
  '2026-06-15T12:34:40.643Z'::timestamptz
)
on conflict (capability_area_id, region_id) do update set
  strength_score = excluded.strength_score,
  confidence = excluded.confidence,
  source_ids = excluded.source_ids,
  indicators = excluded.indicators,
  generated_at = excluded.generated_at,
  updated_at = now();

insert into public.region_scores (
  capability_area_id, region_id, strength_score, confidence, source_ids, indicators, generated_at
)
values (
  'naval-autonomy',
  'CA-NB',
  35,
  'Medium',
  array['statcan-business-counts-33101095', 'statcan-rd-performers-27100049', 'dnd-dcb-2025', 'dnd-defence-industrial-strategy', 'itb-policy', 'itb-obligations']::text[],
  '{"firms":{"status":"measured","value":839,"unit":"business locations with employees","sourceIds":["statcan-business-counts-33101095"],"note":"Sum of selected NAICS categories for 2025-07."},"labour":{"status":"catalogued_not_normalized","value":null,"unit":"persons","sourceIds":["statcan-labour-14100023"],"note":"Source is catalogued; mission-to-labour mapping has not been normalized in v1."},"rd":{"status":"national_context_only","value":null,"nationalValue":6445,"unit":"R&D performers","sourceIds":["statcan-rd-performers-27100049"],"note":"National R&D performer signal for selected industries, 2023."},"exports":{"status":"catalogued_not_normalized","value":null,"unit":"CAD","sourceIds":["statcan-trade-12100175"],"note":"Trade source is catalogued; commodity concordance is not normalized in v1."},"procurementSignals":{"status":"national_context_only","value":null,"unit":"public demand signals","sourceIds":["dnd-dcb-2025","canadabuys-tenders","canadabuys-awards","open-contracts"],"note":"Public procurement sources are catalogued; keyword counts are not regionalized in v1."},"infrastructure":{"status":"not_applicable_for_v1","value":null,"unit":"readiness overlays","sourceIds":["dnd-dcb-2025","dnd-defence-industrial-strategy"],"note":"No infrastructure overlay is computed for this mission in v1."}}'::jsonb,
  '2026-06-15T12:34:40.643Z'::timestamptz
)
on conflict (capability_area_id, region_id) do update set
  strength_score = excluded.strength_score,
  confidence = excluded.confidence,
  source_ids = excluded.source_ids,
  indicators = excluded.indicators,
  generated_at = excluded.generated_at,
  updated_at = now();

insert into public.region_scores (
  capability_area_id, region_id, strength_score, confidence, source_ids, indicators, generated_at
)
values (
  'naval-autonomy',
  'CA-NS',
  36,
  'Medium',
  array['statcan-business-counts-33101095', 'statcan-rd-performers-27100049', 'dnd-dcb-2025', 'dnd-defence-industrial-strategy', 'itb-policy', 'itb-obligations']::text[],
  '{"firms":{"status":"measured","value":1351,"unit":"business locations with employees","sourceIds":["statcan-business-counts-33101095"],"note":"Sum of selected NAICS categories for 2025-07."},"labour":{"status":"catalogued_not_normalized","value":null,"unit":"persons","sourceIds":["statcan-labour-14100023"],"note":"Source is catalogued; mission-to-labour mapping has not been normalized in v1."},"rd":{"status":"national_context_only","value":null,"nationalValue":6445,"unit":"R&D performers","sourceIds":["statcan-rd-performers-27100049"],"note":"National R&D performer signal for selected industries, 2023."},"exports":{"status":"catalogued_not_normalized","value":null,"unit":"CAD","sourceIds":["statcan-trade-12100175"],"note":"Trade source is catalogued; commodity concordance is not normalized in v1."},"procurementSignals":{"status":"national_context_only","value":null,"unit":"public demand signals","sourceIds":["dnd-dcb-2025","canadabuys-tenders","canadabuys-awards","open-contracts"],"note":"Public procurement sources are catalogued; keyword counts are not regionalized in v1."},"infrastructure":{"status":"not_applicable_for_v1","value":null,"unit":"readiness overlays","sourceIds":["dnd-dcb-2025","dnd-defence-industrial-strategy"],"note":"No infrastructure overlay is computed for this mission in v1."}}'::jsonb,
  '2026-06-15T12:34:40.643Z'::timestamptz
)
on conflict (capability_area_id, region_id) do update set
  strength_score = excluded.strength_score,
  confidence = excluded.confidence,
  source_ids = excluded.source_ids,
  indicators = excluded.indicators,
  generated_at = excluded.generated_at,
  updated_at = now();

insert into public.region_scores (
  capability_area_id, region_id, strength_score, confidence, source_ids, indicators, generated_at
)
values (
  'naval-autonomy',
  'CA-PE',
  34,
  'Medium',
  array['statcan-business-counts-33101095', 'statcan-rd-performers-27100049', 'dnd-dcb-2025', 'dnd-defence-industrial-strategy', 'itb-policy', 'itb-obligations']::text[],
  '{"firms":{"status":"measured","value":248,"unit":"business locations with employees","sourceIds":["statcan-business-counts-33101095"],"note":"Sum of selected NAICS categories for 2025-07."},"labour":{"status":"catalogued_not_normalized","value":null,"unit":"persons","sourceIds":["statcan-labour-14100023"],"note":"Source is catalogued; mission-to-labour mapping has not been normalized in v1."},"rd":{"status":"national_context_only","value":null,"nationalValue":6445,"unit":"R&D performers","sourceIds":["statcan-rd-performers-27100049"],"note":"National R&D performer signal for selected industries, 2023."},"exports":{"status":"catalogued_not_normalized","value":null,"unit":"CAD","sourceIds":["statcan-trade-12100175"],"note":"Trade source is catalogued; commodity concordance is not normalized in v1."},"procurementSignals":{"status":"national_context_only","value":null,"unit":"public demand signals","sourceIds":["dnd-dcb-2025","canadabuys-tenders","canadabuys-awards","open-contracts"],"note":"Public procurement sources are catalogued; keyword counts are not regionalized in v1."},"infrastructure":{"status":"not_applicable_for_v1","value":null,"unit":"readiness overlays","sourceIds":["dnd-dcb-2025","dnd-defence-industrial-strategy"],"note":"No infrastructure overlay is computed for this mission in v1."}}'::jsonb,
  '2026-06-15T12:34:40.643Z'::timestamptz
)
on conflict (capability_area_id, region_id) do update set
  strength_score = excluded.strength_score,
  confidence = excluded.confidence,
  source_ids = excluded.source_ids,
  indicators = excluded.indicators,
  generated_at = excluded.generated_at,
  updated_at = now();

insert into public.region_scores (
  capability_area_id, region_id, strength_score, confidence, source_ids, indicators, generated_at
)
values (
  'naval-autonomy',
  'CA-NL',
  35,
  'Medium',
  array['statcan-business-counts-33101095', 'statcan-rd-performers-27100049', 'dnd-dcb-2025', 'dnd-defence-industrial-strategy', 'itb-policy', 'itb-obligations']::text[],
  '{"firms":{"status":"measured","value":567,"unit":"business locations with employees","sourceIds":["statcan-business-counts-33101095"],"note":"Sum of selected NAICS categories for 2025-07."},"labour":{"status":"catalogued_not_normalized","value":null,"unit":"persons","sourceIds":["statcan-labour-14100023"],"note":"Source is catalogued; mission-to-labour mapping has not been normalized in v1."},"rd":{"status":"national_context_only","value":null,"nationalValue":6445,"unit":"R&D performers","sourceIds":["statcan-rd-performers-27100049"],"note":"National R&D performer signal for selected industries, 2023."},"exports":{"status":"catalogued_not_normalized","value":null,"unit":"CAD","sourceIds":["statcan-trade-12100175"],"note":"Trade source is catalogued; commodity concordance is not normalized in v1."},"procurementSignals":{"status":"national_context_only","value":null,"unit":"public demand signals","sourceIds":["dnd-dcb-2025","canadabuys-tenders","canadabuys-awards","open-contracts"],"note":"Public procurement sources are catalogued; keyword counts are not regionalized in v1."},"infrastructure":{"status":"not_applicable_for_v1","value":null,"unit":"readiness overlays","sourceIds":["dnd-dcb-2025","dnd-defence-industrial-strategy"],"note":"No infrastructure overlay is computed for this mission in v1."}}'::jsonb,
  '2026-06-15T12:34:40.643Z'::timestamptz
)
on conflict (capability_area_id, region_id) do update set
  strength_score = excluded.strength_score,
  confidence = excluded.confidence,
  source_ids = excluded.source_ids,
  indicators = excluded.indicators,
  generated_at = excluded.generated_at,
  updated_at = now();

insert into public.region_scores (
  capability_area_id, region_id, strength_score, confidence, source_ids, indicators, generated_at
)
values (
  'naval-autonomy',
  'CA-YT',
  34,
  'Medium',
  array['statcan-business-counts-33101095', 'statcan-rd-performers-27100049', 'dnd-dcb-2025', 'dnd-defence-industrial-strategy', 'itb-policy', 'itb-obligations']::text[],
  '{"firms":{"status":"measured","value":75,"unit":"business locations with employees","sourceIds":["statcan-business-counts-33101095"],"note":"Sum of selected NAICS categories for 2025-07."},"labour":{"status":"catalogued_not_normalized","value":null,"unit":"persons","sourceIds":["statcan-labour-14100023"],"note":"Source is catalogued; mission-to-labour mapping has not been normalized in v1."},"rd":{"status":"national_context_only","value":null,"nationalValue":6445,"unit":"R&D performers","sourceIds":["statcan-rd-performers-27100049"],"note":"National R&D performer signal for selected industries, 2023."},"exports":{"status":"catalogued_not_normalized","value":null,"unit":"CAD","sourceIds":["statcan-trade-12100175"],"note":"Trade source is catalogued; commodity concordance is not normalized in v1."},"procurementSignals":{"status":"national_context_only","value":null,"unit":"public demand signals","sourceIds":["dnd-dcb-2025","canadabuys-tenders","canadabuys-awards","open-contracts"],"note":"Public procurement sources are catalogued; keyword counts are not regionalized in v1."},"infrastructure":{"status":"not_applicable_for_v1","value":null,"unit":"readiness overlays","sourceIds":["dnd-dcb-2025","dnd-defence-industrial-strategy"],"note":"No infrastructure overlay is computed for this mission in v1."}}'::jsonb,
  '2026-06-15T12:34:40.643Z'::timestamptz
)
on conflict (capability_area_id, region_id) do update set
  strength_score = excluded.strength_score,
  confidence = excluded.confidence,
  source_ids = excluded.source_ids,
  indicators = excluded.indicators,
  generated_at = excluded.generated_at,
  updated_at = now();

insert into public.region_scores (
  capability_area_id, region_id, strength_score, confidence, source_ids, indicators, generated_at
)
values (
  'naval-autonomy',
  'CA-NT',
  34,
  'Medium',
  array['statcan-business-counts-33101095', 'statcan-rd-performers-27100049', 'dnd-dcb-2025', 'dnd-defence-industrial-strategy', 'itb-policy', 'itb-obligations']::text[],
  '{"firms":{"status":"measured","value":36,"unit":"business locations with employees","sourceIds":["statcan-business-counts-33101095"],"note":"Sum of selected NAICS categories for 2025-07."},"labour":{"status":"catalogued_not_normalized","value":null,"unit":"persons","sourceIds":["statcan-labour-14100023"],"note":"Source is catalogued; mission-to-labour mapping has not been normalized in v1."},"rd":{"status":"national_context_only","value":null,"nationalValue":6445,"unit":"R&D performers","sourceIds":["statcan-rd-performers-27100049"],"note":"National R&D performer signal for selected industries, 2023."},"exports":{"status":"catalogued_not_normalized","value":null,"unit":"CAD","sourceIds":["statcan-trade-12100175"],"note":"Trade source is catalogued; commodity concordance is not normalized in v1."},"procurementSignals":{"status":"national_context_only","value":null,"unit":"public demand signals","sourceIds":["dnd-dcb-2025","canadabuys-tenders","canadabuys-awards","open-contracts"],"note":"Public procurement sources are catalogued; keyword counts are not regionalized in v1."},"infrastructure":{"status":"not_applicable_for_v1","value":null,"unit":"readiness overlays","sourceIds":["dnd-dcb-2025","dnd-defence-industrial-strategy"],"note":"No infrastructure overlay is computed for this mission in v1."}}'::jsonb,
  '2026-06-15T12:34:40.643Z'::timestamptz
)
on conflict (capability_area_id, region_id) do update set
  strength_score = excluded.strength_score,
  confidence = excluded.confidence,
  source_ids = excluded.source_ids,
  indicators = excluded.indicators,
  generated_at = excluded.generated_at,
  updated_at = now();

insert into public.region_scores (
  capability_area_id, region_id, strength_score, confidence, source_ids, indicators, generated_at
)
values (
  'naval-autonomy',
  'CA-NU',
  34,
  'Medium',
  array['statcan-business-counts-33101095', 'statcan-rd-performers-27100049', 'dnd-dcb-2025', 'dnd-defence-industrial-strategy', 'itb-policy', 'itb-obligations']::text[],
  '{"firms":{"status":"measured","value":11,"unit":"business locations with employees","sourceIds":["statcan-business-counts-33101095"],"note":"Sum of selected NAICS categories for 2025-07."},"labour":{"status":"catalogued_not_normalized","value":null,"unit":"persons","sourceIds":["statcan-labour-14100023"],"note":"Source is catalogued; mission-to-labour mapping has not been normalized in v1."},"rd":{"status":"national_context_only","value":null,"nationalValue":6445,"unit":"R&D performers","sourceIds":["statcan-rd-performers-27100049"],"note":"National R&D performer signal for selected industries, 2023."},"exports":{"status":"catalogued_not_normalized","value":null,"unit":"CAD","sourceIds":["statcan-trade-12100175"],"note":"Trade source is catalogued; commodity concordance is not normalized in v1."},"procurementSignals":{"status":"national_context_only","value":null,"unit":"public demand signals","sourceIds":["dnd-dcb-2025","canadabuys-tenders","canadabuys-awards","open-contracts"],"note":"Public procurement sources are catalogued; keyword counts are not regionalized in v1."},"infrastructure":{"status":"not_applicable_for_v1","value":null,"unit":"readiness overlays","sourceIds":["dnd-dcb-2025","dnd-defence-industrial-strategy"],"note":"No infrastructure overlay is computed for this mission in v1."}}'::jsonb,
  '2026-06-15T12:34:40.643Z'::timestamptz
)
on conflict (capability_area_id, region_id) do update set
  strength_score = excluded.strength_score,
  confidence = excluded.confidence,
  source_ids = excluded.source_ids,
  indicators = excluded.indicators,
  generated_at = excluded.generated_at,
  updated_at = now();

insert into atlas_private.source_runs (run_type, status, started_at, finished_at, records_seen, records_changed, metadata)
values (
  'seed',
  'succeeded',
  '2026-06-15T12:34:40.643Z'::timestamptz,
  now(),
  70,
  70,
  '{"generatedAt":"2026-06-15T12:34:40.643Z","artifactVersion":"0.1.0"}'::jsonb
);

commit;

